3.54773e+09,4.48868e+09,8.25362e+08,3.24868e+08,7.71911e+06,573682
3.50331e+09,4.33993e+09,7.18253e+08,2.34726e+08,2.49355e+06,47097
3.45944e+09,4.19611e+09,6.25044e+08,1.69596e+08,805512,3871.49
3.41612e+09,4.05706e+09,5.43931e+08,1.22538e+08,260220,322.756
3.37335e+09,3.92261e+09,4.73344e+08,8.85371e+07,84071.1,31.0034
3.33111e+09,3.79263e+09,4.11917e+08,6.39706e+07,27168.3,6.68315
3.28941e+09,3.66694e+09,3.58462e+08,4.62206e+07,8785.99,4.37748
3.24822e+09,3.54543e+09,3.11944e+08,3.33957e+07,2847.22,3.92696
3.20755e+09,3.42794e+09,2.71462e+08,2.41294e+07,928.232,3.66633
3.16739e+09,3.31434e+09,2.36234e+08,1.74342e+07,307.838,3.4511
3.12773e+09,3.20451e+09,2.05578e+08,1.25967e+07,106.997,3.26351
3.08857e+09,3.09832e+09,1.789e+08,9.10154e+06,41.7344,3.0976
3.04989e+09,2.99564e+09,1.55683e+08,6.57617e+06,20.3094,2.94939
3.01171e+09,2.89637e+09,1.3548e+08,4.75151e+06,13.0794,2.81587
2.974e+09,2.80039e+09,1.17899e+08,3.43314e+06,10.4632,2.69464
2.93676e+09,2.70759e+09,1.02599e+08,2.48059e+06,9.36162,2.58382
2.89999e+09,2.61786e+09,8.92844e+07,1.79234e+06,8.76983,2.4819
2.86368e+09,2.53111e+09,7.76978e+07,1.29506e+06,8.36051,2.38767
2.82782e+09,2.44723e+09,6.76148e+07,935754,8.0256,2.30011
2.79242e+09,2.36614e+09,5.88404e+07,676147,7.72828,2.21841
2.75745e+09,2.28773e+09,5.12046e+07,488573,7.4551,2.14189
2.72293e+09,2.21192e+09,4.45597e+07,353045,7.20036,2.06998
2.68883e+09,2.13862e+09,3.87771e+07,255120,6.96111,2.00218
2.65517e+09,2.06775e+09,3.3745e+07,184366,6.73545,1.93808
2.62192e+09,1.99922e+09,2.93659e+07,133243,6.52193,1.87734
2.58909e+09,1.93297e+09,2.5555e+07,96304.3,6.31939,1.81965
2.55667e+09,1.86892e+09,2.22387e+07,69614.1,6.12683,1.76474
2.52466e+09,1.80698e+09,1.93528e+07,50328.7,5.9434,1.71237
2.49305e+09,1.7471e+09,1.68414e+07,36393.6,5.76834,1.66235
2.46184e+09,1.68921e+09,1.46559e+07,26324.3,5.60102,1.6145
2.43101e+09,1.63323e+09,1.2754e+07,19048.1,5.44083,1.56866
2.40057e+09,1.57911e+09,1.10989e+07,13790,5.28728,1.52468
2.37051e+09,1.52678e+09,9.65859e+06,9990.18,5.13991,1.48245
2.34083e+09,1.47618e+09,8.4052e+06,7243.97,4.9983,1.44185
2.31152e+09,1.42726e+09,7.31447e+06,5259.06,4.8621,1.40277
2.28258e+09,1.37997e+09,6.36528e+06,3824.23,4.73097,1.36514
2.254e+09,1.33424e+09,5.53927e+06,2786.88,4.60461,1.32886
2.22578e+09,1.29002e+09,4.82045e+06,2036.74,4.48276,1.29385
2.19791e+09,1.24727e+09,4.19491e+06,1494.13,4.36517,1.26006
2.17039e+09,1.20594e+09,3.65055e+06,1101.5,4.25162,1.22742
2.14322e+09,1.16598e+09,3.17683e+06,817.255,4.1419,1.19587
2.11638e+09,1.12734e+09,2.76459e+06,611.331,4.03583,1.16537
2.08988e+09,1.08998e+09,2.40584e+06,462.017,3.93323,1.13585
2.06371e+09,1.05386e+09,2.09365e+06,353.622,3.83394,1.10728
2.03787e+09,1.01894e+09,1.82197e+06,274.809,3.73781,1.07961
2.01236e+09,9.8517e+08,1.58555e+06,217.385,3.64471,1.05281
1.98716e+09,9.52523e+08,1.37981e+06,175.43,3.55451,1.02684
1.96228e+09,9.20958e+08,1.20077e+06,144.666,3.46709,1.00166
1.93771e+09,8.90439e+08,1.04496e+06,122.001,3.38234,0.97725
1.91345e+09,8.60931e+08,909369,105.202,3.30015,0.953573
1.88949e+09,8.32401e+08,791374,92.6526,3.22042,0.930603
1.86583e+09,8.04817e+08,688692,83.1869,3.14306,0.908313
1.84247e+09,7.78146e+08,599335,75.9605,3.06798,0.886677
1.8194e+09,7.5236e+08,521573,70.3636,2.99511,0.865674
1.79662e+09,7.27428e+08,453903,65.9548,2.92435,0.845279
1.77412e+09,7.03322e+08,395013,62.415,2.85563,0.825471
1.75191e+09,6.80015e+08,343766,59.5132,2.7889,0.806231
1.72998e+09,6.5748e+08,299169,57.0822,2.72406,0.787538
1.70831e+09,6.35692e+08,260359,55.0009,2.66107,0.769375
1.68692e+09,6.14627e+08,226585,53.1813,2.59985,0.751722
1.6658e+09,5.94259e+08,197193,51.5596,2.54036,0.734565
1.64495e+09,5.74566e+08,171616,50.0896,2.48252,0.717885
1.62435e+09,5.55526e+08,149357,48.7374,2.4263,0.701668
1.60401e+09,5.37117e+08,129987,47.4783,2.37163,0.685899
1.58393e+09,5.19317e+08,113130,46.2943,2.31846,0.670563
1.56409e+09,5.02108e+08,98460.5,45.172,2.26676,0.655646
1.54451e+09,4.85469e+08,85694.4,44.1015,2.21646,0.641136
1.52517e+09,4.69381e+08,74584.8,43.0756,2.16754,0.627019
1.50608e+09,4.53827e+08,64916.6,42.0887,2.11993,0.613283
1.48722e+09,4.38788e+08,56502.8,41.1365,2.07361,0.599917
1.4686e+09,4.24247e+08,49180.7,40.2159,2.02853,0.586908
1.45021e+09,4.10188e+08,42808.5,39.3242,1.98465,0.574246
1.43205e+09,3.96595e+08,37263.1,38.4595,1.94194,0.56192
1.41412e+09,3.83452e+08,32437.1,37.6201,1.90037,0.54992
1.39641e+09,3.70745e+08,28237.2,36.8046,1.85988,0.538235
1.37893e+09,3.58459e+08,24582.1,36.0119,1.82047,0.526857
1.36166e+09,3.46581e+08,21401.1,35.2409,1.78208,0.515776
1.34461e+09,3.35095e+08,18632.8,34.4909,1.74469,0.504983
1.32778e+09,3.23991e+08,16223.5,33.7609,1.70828,0.494469
1.31115e+09,3.13254e+08,14126.7,33.0503,1.6728,0.484227
1.29474e+09,3.02874e+08,12301.8,32.3584,1.63824,0.474247
1.27853e+09,2.92837e+08,10713.6,31.6845,1.60456,0.464523
1.26252e+09,2.83133e+08,9331.26,31.0282,1.57174,0.455046
1.24671e+09,2.7375e+08,8128.19,30.3887,1.53976,0.44581
1.2311e+09,2.64678e+08,7081.09,29.7657,1.50859,0.436806
1.21568e+09,2.55907e+08,6169.71,29.1586,1.4782,0.428029
1.20046e+09,2.47427e+08,5376.46,28.5669,1.44857,0.419472
1.18543e+09,2.39228e+08,4686,27.9902,1.41968,0.411128
1.17059e+09,2.313e+08,4085,27.428,1.39151,0.402991
1.15593e+09,2.23635e+08,3561.85,26.8798,1.36404,0.395055
1.14146e+09,2.16224e+08,3106.45,26.3453,1.33725,0.387315
1.12717e+09,2.09059e+08,2710.02,25.8241,1.31111,0.379764
1.11305e+09,2.02131e+08,2364.91,25.3158,1.28562,0.372397
1.09912e+09,1.95433e+08,2064.45,24.82,1.26074,0.365209
1.08536e+09,1.88956e+08,1802.86,24.3363,1.23647,0.358195
1.07177e+09,1.82695e+08,1575.1,23.8644,1.21278,0.35135
1.05835e+09,1.7664e+08,1376.78,23.404,1.18966,0.344668
1.04509e+09,1.70787e+08,1204.07,22.9547,1.16709,0.338146
1.03201e+09,1.65127e+08,1053.67,22.5162,1.14506,0.331779
1.01909e+09,1.59655e+08,922.677,22.0882,1.12355,0.325562
1.00633e+09,1.54364e+08,808.576,21.6704,1.10255,0.319492
9.93727e+08,1.49249e+08,709.176,21.2626,1.08204,0.313563
9.81285e+08,1.44303e+08,622.574,20.8643,1.06201,0.307773
9.68998e+08,1.39521e+08,547.111,20.4754,1.04245,0.302117
9.56865e+08,1.34898e+08,481.343,20.0957,1.02334,0.296591
9.44884e+08,1.30427e+08,424.015,19.7247,1.00467,0.291193
9.33053e+08,1.26105e+08,374.033,19.3624,0.986422,0.285918
9.21371e+08,1.21926e+08,330.446,19.0084,0.968595,0.280763
9.09834e+08,1.17886e+08,292.427,18.6626,0.951173,0.275725
8.98442e+08,1.13979e+08,259.255,18.3247,0.934145,0.2708
8.87193e+08,1.10202e+08,230.303,17.9944,0.917499,0.265986
8.76084e+08,1.0655e+08,205.025,17.6716,0.901225,0.261279
8.65115e+08,1.03019e+08,182.946,17.3561,0.885314,0.256677
8.54283e+08,9.96055e+07,163.652,17.0477,0.869756,0.252176
8.43587e+08,9.63047e+07,146.785,16.7462,0.854541,0.247775
8.33024e+08,9.31133e+07,132.031,16.4513,0.839659,0.24347
8.22594e+08,9.00277e+07,119.117,16.163,0.825103,0.239258
8.12294e+08,8.70443e+07,107.806,15.881,0.810862,0.235138
8.02123e+08,8.41598e+07,97.8925,15.6052,0.79693,0.231107
7.9208e+08,8.13709e+07,89.1954,15.3353,0.783297,0.227162
7.82163e+08,7.86744e+07,81.5589,15.0714,0.769956,0.223301
7.72369e+08,7.60672e+07,74.8467,14.8131,0.7569,0.219523
7.62698e+08,7.35465e+07,68.9403,14.5603,0.74412,0.215824
7.53149e+08,7.11093e+07,63.7365,14.313,0.731609,0.212203
7.43718e+08,6.87528e+07,59.1454,14.0709,0.719361,0.208658
7.34406e+08,6.64745e+07,55.0889,13.8339,0.707368,0.205187
7.25211e+08,6.42716e+07,51.4989,13.6019,0.695625,0.201788
7.16131e+08,6.21417e+07,48.3159,13.3747,0.684124,0.198458
7.07164e+08,6.00825e+07,45.4886,13.1523,0.67286,0.195197
6.9831e+08,5.80914e+07,42.9717,12.9345,0.661826,0.192003
6.89566e+08,5.61664e+07,40.7263,12.7212,0.651017,0.188873
6.80932e+08,5.43051e+07,38.7182,12.5122,0.640427,0.185807
6.72406e+08,5.25055e+07,36.9176,12.3075,0.63005,0.182802
6.63987e+08,5.07656e+07,35.2988,12.107,0.619882,0.179858
6.55673e+08,4.90833e+07,33.8391,11.9105,0.609916,0.176972
6.47464e+08,4.74567e+07,32.5189,11.718,0.600148,0.174143
6.39357e+08,4.58841e+07,31.3212,11.5293,0.590573,0.17137
6.31351e+08,4.43636e+07,30.2309,11.3444,0.581186,0.168651
6.23446e+08,4.28934e+07,29.2351,11.1631,0.571982,0.165985
6.1564e+08,4.1472e+07,28.3223,10.9854,0.562958,0.163371
6.07932e+08,4.00977e+07,27.4829,10.8111,0.554109,0.160808
6.0032e+08,3.87689e+07,26.708,10.6403,0.54543,0.158293
5.92803e+08,3.74842e+07,25.9901,10.4728,0.536917,0.155827
5.85381e+08,3.6242e+07,25.3227,10.3085,0.528567,0.153408
5.78051e+08,3.5041e+07,24.7001,10.1474,0.520375,0.151035
5.70814e+08,3.38798e+07,24.1172,9.98936,0.512338,0.148706
5.63666e+08,3.27571e+07,23.5696,9.83432,0.504452,0.146421
5.56609e+08,3.16716e+07,23.0535,9.68222,0.496713,0.144178
5.49639e+08,3.0622e+07,22.5656,9.53298,0.489118,0.141978
5.42757e+08,2.96073e+07,22.1029,9.38653,0.481665,0.139817
5.35962e+08,2.86261e+07,21.6628,9.24282,0.474348,0.137697
5.29251e+08,2.76775e+07,21.2432,9.10178,0.467166,0.135615
5.22624e+08,2.67603e+07,20.8419,8.96334,0.460115,0.133572
5.1608e+08,2.58735e+07,20.4573,8.82744,0.453192,0.131565
5.09619e+08,2.50161e+07,20.0879,8.69403,0.446394,0.129595
5.03238e+08,2.41871e+07,19.7323,8.56305,0.439718,0.12766
4.96937e+08,2.33856e+07,19.3893,8.43444,0.433162,0.125759
4.90715e+08,2.26106e+07,19.0578,8.30815,0.426723,0.123892
4.8457e+08,2.18614e+07,18.7371,8.18413,0.420399,0.122059
4.78503e+08,2.11369e+07,18.4262,8.06233,0.414186,0.120257
4.72512e+08,2.04365e+07,18.1244,7.94269,0.408082,0.118488
4.66595e+08,1.97592e+07,17.8311,7.82516,0.402085,0.116749
4.60753e+08,1.91045e+07,17.5458,7.70971,0.396192,0.11504
4.54984e+08,1.84714e+07,17.2679,7.59628,0.390402,0.113361
4.49287e+08,1.78593e+07,16.9969,7.48483,0.384712,0.111711
4.43662e+08,1.72674e+07,16.7325,7.37532,0.379119,0.110089
4.38107e+08,1.66952e+07,16.4742,7.26771,0.373623,0.108495
4.32621e+08,1.6142e+07,16.2219,7.16194,0.36822,0.106928
4.27204e+08,1.5607e+07,15.9751,7.05799,0.362908,0.105388
4.21855e+08,1.50899e+07,15.7337,6.95582,0.357687,0.103873
4.16573e+08,1.45898e+07,15.4973,6.85538,0.352553,0.102384
4.11357e+08,1.41063e+07,15.2658,6.75664,0.347505,0.10092
4.06207e+08,1.36389e+07,15.0389,6.65957,0.342541,0.0994805
4.01121e+08,1.31869e+07,14.8165,6.56412,0.33766,0.0980645
3.96098e+08,1.27499e+07,14.5984,6.47027,0.33286,0.096672
3.91139e+08,1.23274e+07,14.3844,6.37798,0.328139,0.0953023
3.86241e+08,1.19189e+07,14.1745,6.28722,0.323495,0.0939551
3.81405e+08,1.15239e+07,13.9684,6.19796,0.318927,0.0926298
3.7663e+08,1.1142e+07,13.766,6.11016,0.314433,0.0913261
3.71914e+08,1.07728e+07,13.5673,6.0238,0.310012,0.0900434
3.67257e+08,1.04158e+07,13.3722,5.93885,0.305663,0.0887815
3.62659e+08,1.00706e+07,13.1804,5.85528,0.301383,0.0875398
3.58118e+08,9.73692e+06,12.992,5.77306,0.297172,0.0863179
3.53634e+08,9.41425e+06,12.8069,5.69217,0.293029,0.0851155
3.49206e+08,9.10228e+06,12.6249,5.61257,0.288951,0.0839322
3.44834e+08,8.80065e+06,12.446,5.53424,0.284938,0.0827676
3.40516e+08,8.50901e+06,12.27,5.45717,0.280988,0.0816214
3.36253e+08,8.22704e+06,12.0971,5.38131,0.2771,0.0804931
3.32042e+08,7.95441e+06,11.9269,5.30666,0.273274,0.0793825
3.27885e+08,7.69081e+06,11.7596,5.23318,0.269506,0.0782893
3.23779e+08,7.43595e+06,11.595,5.16085,0.265798,0.0772129
3.19725e+08,7.18954e+06,11.4331,5.08966,0.262147,0.0761533
3.15722e+08,6.95129e+06,11.2738,5.01957,0.258553,0.07511
3.11769e+08,6.72093e+06,11.117,4.95058,0.255013,0.0740827
3.07865e+08,6.49821e+06,10.9628,4.88265,0.251529,0.0730712
3.04011e+08,6.28287e+06,10.811,4.81576,0.248097,0.0720751
3.00204e+08,6.07467e+06,10.6616,4.74991,0.244718,0.0710942
2.96445e+08,5.87337e+06,10.5146,4.68506,0.24139,0.0701282
2.92734e+08,5.67873e+06,10.3698,4.62121,0.238113,0.0691768
2.89068e+08,5.49055e+06,10.2273,4.55833,0.234885,0.0682397
2.85449e+08,5.3086e+06,10.0871,4.49639,0.231705,0.0673167
2.81875e+08,5.13269e+06,9.94896,4.4354,0.228574,0.0664075
2.78345e+08,4.9626e+06,9.81299,4.37533,0.225489,0.0655119
2.7486e+08,4.79815e+06,9.67911,4.31615,0.22245,0.0646297
2.71419e+08,4.63915e+06,9.54727,4.25787,0.219456,0.0637605
2.6802e+08,4.48541e+06,9.41745,4.20045,0.216507,0.0629043
2.64664e+08,4.33677e+06,9.28959,4.14389,0.213601,0.0620606
2.61351e+08,4.19306e+06,9.16367,4.08817,0.210739,0.0612294
2.58078e+08,4.05411e+06,9.03965,4.03328,0.207918,0.0604104
2.54847e+08,3.91977e+06,8.91749,3.97919,0.205139,0.0596033
2.51656e+08,3.78987e+06,8.79716,3.9259,0.2024,0.0588081
2.48505e+08,3.66428e+06,8.67862,3.87339,0.199701,0.0580244
2.45393e+08,3.54285e+06,8.56185,3.82165,0.197041,0.0572522
2.42321e+08,3.42545e+06,8.44682,3.77067,0.19442,0.0564911
2.39287e+08,3.31194e+06,8.33348,3.72043,0.191837,0.055741
2.36291e+08,3.20219e+06,8.22181,3.67092,0.189292,0.0550017
2.33332e+08,3.09607e+06,8.11179,3.62212,0.186782,0.054273
2.30411e+08,2.99347e+06,8.00338,3.57403,0.184309,0.0535548
2.27526e+08,2.89428e+06,7.89656,3.52663,0.181872,0.0528468
2.24677e+08,2.79837e+06,7.79129,3.47992,0.179469,0.052149
2.21864e+08,2.70563e+06,7.68755,3.43387,0.1771,0.0514611
2.19086e+08,2.61597e+06,7.58532,3.38848,0.174765,0.050783
2.16342e+08,2.52929e+06,7.48457,3.34374,0.172463,0.0501144
2.13634e+08,2.44547e+06,7.38527,3.29964,0.170194,0.0494554
2.10959e+08,2.36443e+06,7.2874,3.25616,0.167957,0.0488056
2.08317e+08,2.28608e+06,7.19093,3.2133,0.165751,0.048165
2.05709e+08,2.21032e+06,7.09584,3.17104,0.163577,0.0475334
2.03133e+08,2.13708e+06,7.00212,3.12939,0.161433,0.0469106
2.0059e+08,2.06626e+06,6.90973,3.08831,0.159318,0.0462965
1.98078e+08,1.99779e+06,6.81865,3.04782,0.157234,0.0456911
1.95598e+08,1.93158e+06,6.72886,3.00789,0.155178,0.045094
1.93149e+08,1.86758e+06,6.64034,2.96852,0.153152,0.0445053
1.90731e+08,1.80569e+06,6.55308,2.9297,0.151153,0.0439247
1.88343e+08,1.74585e+06,6.46704,2.89142,0.149182,0.0433522
1.85984e+08,1.688e+06,6.38221,2.85367,0.147238,0.0427876
1.83656e+08,1.63206e+06,6.29857,2.81645,0.145321,0.0422307
1.81356e+08,1.57798e+06,6.21611,2.77974,0.143431,0.0416816
1.79085e+08,1.52569e+06,6.13479,2.74354,0.141567,0.04114
1.76843e+08,1.47513e+06,6.05461,2.70784,0.139728,0.0406058
1.74629e+08,1.42625e+06,5.97555,2.67263,0.137914,0.040079
1.72442e+08,1.37898e+06,5.89758,2.6379,0.136125,0.0395593
1.70283e+08,1.33329e+06,5.82069,2.60366,0.134361,0.0390468
1.68151e+08,1.2891e+06,5.74487,2.56988,0.132621,0.0385412
1.66046e+08,1.24639e+06,5.67009,2.53656,0.130904,0.0380426
1.63967e+08,1.20508e+06,5.59635,2.5037,0.129211,0.0375507
1.61914e+08,1.16515e+06,5.52361,2.47128,0.127541,0.0370654
1.59886e+08,1.12654e+06,5.45188,2.43931,0.125894,0.0365868
1.57884e+08,1.08921e+06,5.38113,2.40777,0.124268,0.0361146
1.55907e+08,1.05311e+06,5.31135,2.37666,0.122665,0.0356488
1.53955e+08,1.01822e+06,5.24252,2.34597,0.121083,0.0351893
1.52028e+08,984475,5.17463,2.3157,0.119523,0.034736
1.50124e+08,951852,5.10767,2.28583,0.117984,0.0342888
1.48244e+08,920310,5.04162,2.25637,0.116465,0.0338476
1.46388e+08,889813,4.97646,2.2273,0.114967,0.0334123
1.44555e+08,860327,4.91219,2.19863,0.113489,0.0329828
1.42745e+08,831817,4.84878,2.17034,0.112031,0.0325591
1.40958e+08,804253,4.78623,2.14243,0.110592,0.032141
1.39193e+08,777602,4.72453,2.11489,0.109172,0.0317285
1.3745e+08,751834,4.66366,2.08772,0.107771,0.0313216
1.35729e+08,726920,4.60361,2.06092,0.106389,0.03092
1.3403e+08,702832,4.54436,2.03447,0.105026,0.0305238
1.32352e+08,679542,4.48591,2.00838,0.10368,0.0301328
1.30695e+08,657023,4.42824,1.98263,0.102352,0.029747
1.29058e+08,635251,4.37135,1.95722,0.101042,0.0293664
1.27442e+08,614201,4.31521,1.93215,0.0997497,0.0289907
1.25846e+08,593848,4.25982,1.90742,0.0984741,0.0286201
1.24271e+08,574169,4.20518,1.88301,0.0972153,0.0282543
1.22715e+08,555142,4.15126,1.85893,0.0959731,0.0278934
1.21178e+08,536747,4.09805,1.83516,0.0947473,0.0275372
1.19661e+08,518960,4.04556,1.81171,0.0935377,0.0271857
1.18163e+08,501763,3.99376,1.78856,0.092344,0.0268388
1.16683e+08,485136,3.94264,1.76573,0.091166,0.0264965
1.15222e+08,469060,3.89221,1.74319,0.0900034,0.0261587
1.1378e+08,453517,3.84244,1.72095,0.0888561,0.0258253
1.12355e+08,438488,3.79333,1.699,0.0877239,0.0254963
1.10948e+08,423958,3.74486,1.67734,0.0866065,0.0251716
1.09559e+08,409909,3.69704,1.65596,0.0855037,0.0248511
1.08187e+08,396326,3.64984,1.63486,0.0844153,0.0245348
1.06833e+08,383193,3.60327,1.61404,0.0833411,0.0242227
1.05495e+08,370495,3.55731,1.5935,0.082281,0.0239146
1.04174e+08,358218,3.51195,1.57322,0.0812346,0.0236105
1.0287e+08,346348,3.46718,1.5532,0.0802019,0.0233104
1.01582e+08,334871,3.42301,1.53345,0.0791827,0.0230142
1.0031e+08,323774,3.37941,1.51395,0.0781767,0.0227219
9.90538e+07,313045,3.33638,1.49471,0.0771838,0.0224333
9.78135e+07,302672,3.29392,1.47572,0.0762038,0.0221486
9.65888e+07,292642,3.252,1.45697,0.0752365,0.0218675
9.53794e+07,282945,3.21064,1.43847,0.0742818,0.02159
9.41852e+07,273569,3.16982,1.42021,0.0733394,0.0213161
9.30059e+07,264504,3.12952,1.40218,0.0724093,0.0210458
9.18414e+07,255739,3.08975,1.38439,0.0714911,0.020779
9.06914e+07,247265,3.0505,1.36683,0.0705849,0.0205156
8.95559e+07,239071,3.01176,1.3495,0.0696904,0.0202557
8.84346e+07,231149,2.97353,1.33239,0.0688074,0.0199991
8.73273e+07,223490,2.93578,1.3155,0.0679358,0.0197458
8.62339e+07,216084,2.89853,1.29884,0.0670755,0.0194957
8.51541e+07,208924,2.86176,1.28238,0.0662263,0.0192489
8.40879e+07,202001,2.82547,1.26614,0.065388,0.0190053
8.3035e+07,195307,2.78965,1.25011,0.0645605,0.0187648
8.19954e+07,188835,2.75429,1.23428,0.0637437,0.0185274
8.09687e+07,182578,2.71938,1.21866,0.0629373,0.0182931
7.99549e+07,176528,2.68493,1.20324,0.0621414,0.0180618
7.89538e+07,170679,2.65092,1.18802,0.0613556,0.0178334
7.79652e+07,165023,2.61735,1.17299,0.06058,0.017608
7.6989e+07,159555,2.58422,1.15816,0.0598143,0.0173855
7.6025e+07,154268,2.55151,1.14352,0.0590585,0.0171658
7.50731e+07,149156,2.51922,1.12906,0.0583123,0.0169489
7.41332e+07,144213,2.48735,1.1148,0.0575757,0.0167349
7.32049e+07,139435,2.45589,1.10071,0.0568485,0.0165235
7.22883e+07,134815,2.42483,1.0868,0.0561307,0.0163149
7.13832e+07,130347,2.39417,1.07308,0.055422,0.0161089
7.04894e+07,126028,2.36391,1.05953,0.0547224,0.0159056
6.96068e+07,121852,2.33403,1.04615,0.0540318,0.0157049
6.87353e+07,117814,2.30454,1.03294,0.0533499,0.0155067
6.78747e+07,113911,2.27542,1.0199,0.0526768,0.0153111
6.70248e+07,110136,2.24668,1.00703,0.0520123,0.0151179
6.61856e+07,106487,2.21831,0.994327,0.0513563,0.0149273
6.53569e+07,102958,2.1903,0.981783,0.0507087,0.014739
6.45386e+07,99546.7,2.16264,0.969399,0.0500693,0.0145532
6.37305e+07,96248.2,2.13535,0.957173,0.049438,0.0143698
6.29325e+07,93059,2.1084,0.945103,0.0488148,0.0141886
6.21445e+07,89975.4,2.08179,0.933188,0.0481996,0.0140098
6.13664e+07,86994.1,2.05553,0.921424,0.0475922,0.0138333
6.05981e+07,84111.6,2.0296,0.90981,0.0469925,0.013659
5.98393e+07,81324.5,2.004,0.898344,0.0464005,0.0134869
5.90901e+07,78629.8,1.97873,0.887024,0.045816,0.013317
5.83502e+07,76024.5,1.95378,0.875848,0.0452389,0.0131493
5.76196e+07,73505.4,1.92915,0.864814,0.0446691,0.0129837
5.68982e+07,71069.8,1.90483,0.853921,0.0441067,0.0128202
5.61857e+07,68715,1.88082,0.843166,0.0435513,0.0126588
5.54822e+07,66438.1,1.85712,0.832548,0.043003,0.0124995
5.47875e+07,64236.7,1.83372,0.822065,0.0424617,0.0123421
5.41016e+07,62108.3,1.81062,0.811715,0.0419273,0.0121868
5.34241e+07,60050.4,1.78781,0.801497,0.0413996,0.0120334
5.27552e+07,58060.7,1.7653,0.791408,0.0408786,0.011882
5.20947e+07,56136.9,1.74307,0.781448,0.0403643,0.0117325
5.14424e+07,54276.9,1.72112,0.771614,0.0398564,0.0115849
5.07983e+07,52478.5,1.69945,0.761904,0.039355,0.0114392
5.01623e+07,50739.7,1.67805,0.752318,0.03886,0.0112953
4.95342e+07,49058.5,1.65693,0.742853,0.0383712,0.0111532
4.8914e+07,47433,1.63608,0.733509,0.0378886,0.011013
4.83015e+07,45861.4,1.61549,0.724283,0.0374122,0.0108745
4.76967e+07,44341.8,1.59516,0.715173,0.0369418,0.0107377
4.70995e+07,42872.6,1.57509,0.70618,0.0364773,0.0106027
4.65098e+07,41452.1,1.55527,0.6973,0.0360187,0.0104694
4.59274e+07,40078.7,1.5357,0.688532,0.0355659,0.0103378
4.53524e+07,38750.8,1.51639,0.679876,0.0351188,0.0102079
4.47845e+07,37466.9,1.49732,0.671329,0.0346774,0.0100796
4.42238e+07,36225.5,1.47849,0.66289,0.0342416,0.00995293
4.36701e+07,35025.2,1.45989,0.654558,0.0338113,0.00982786
4.31233e+07,33864.8,1.44154,0.646331,0.0333864,0.00970437
4.25833e+07,32742.8,1.42341,0.638209,0.0329669,0.00958244
4.20501e+07,31657.9,1.40552,0.630189,0.0325527,0.00946205
4.15236e+07,30609,1.38785,0.62227,0.0321438,0.00934318
4.10037e+07,29594.9,1.3704,0.614452,0.03174,0.00922581
4.04903e+07,28614.4,1.35318,0.606732,0.0313413,0.00910992
3.99833e+07,27666.3,1.33617,0.59911,0.0309476,0.0089955
3.94827e+07,26749.7,1.31938,0.591584,0.0305589,0.00888252
3.89884e+07,25863.5,1.3028,0.584153,0.0301751,0.00877097
3.85002e+07,25006.6,1.28643,0.576816,0.0297962,0.00866083
3.80181e+07,24178.1,1.27027,0.569572,0.029422,0.00855207
3.75421e+07,23377,1.25431,0.562419,0.0290526,0.00844469
3.7072e+07,22602.5,1.23856,0.555356,0.0286878,0.00833867
3.66079e+07,21853.7,1.223,0.548382,0.0283276,0.00823398
3.61495e+07,21129.7,1.20764,0.541497,0.027972,0.00813061
3.56969e+07,20429.7,1.19247,0.534698,0.0276208,0.00802854
3.52499e+07,19752.8,1.17749,0.527985,0.0272741,0.00792776
3.48085e+07,19098.4,1.16271,0.521357,0.0269318,0.00782825
3.43727e+07,18465.7,1.14811,0.514812,0.0265937,0.00772999
3.39423e+07,17853.9,1.13369,0.50835,0.0262599,0.00763298
3.35173e+07,17262.5,1.11946,0.501969,0.0259304,0.00753718
3.30977e+07,16690.6,1.1054,0.495669,0.0256049,0.00744259
3.26833e+07,16137.6,1.09152,0.489448,0.0252836,0.0073492
3.2274e+07,15603,1.07782,0.483305,0.0249663,0.00725698
3.18699e+07,15086.1,1.06429,0.47724,0.0246531,0.00716592
3.14709e+07,14586.3,1.05093,0.471251,0.0243437,0.007076
3.10768e+07,14103.1,1.03774,0.465337,0.0240383,0.00698722
3.06877e+07,13635.9,1.02472,0.459499,0.0237367,0.00689956
3.03035e+07,13184.2,1.01186,0.453733,0.0234389,0.006813
2.99241e+07,12747.4,0.999159,0.44804,0.0231448,0.00672753
2.95494e+07,12325.2,0.98662,0.442419,0.0228545,0.00664314
2.91794e+07,11916.9,0.97424,0.436869,0.0225678,0.00655981
2.8814e+07,11522.1,0.962015,0.431388,0.0222847,0.00647752
2.84533e+07,11140.4,0.949944,0.425977,0.0220052,0.00639627
2.8097e+07,10771.4,0.938025,0.420633,0.0217292,0.00631605
2.77452e+07,10414.6,0.926257,0.415357,0.0214566,0.00623683
2.73978e+07,10069.6,0.914636,0.410147,0.0211875,0.00615861
2.70548e+07,9736.03,0.903162,0.405003,0.0209218,0.00608137
2.6716e+07,9413.52,0.891832,0.399923,0.0206594,0.00600511
2.63815e+07,9101.7,0.880644,0.394907,0.0204003,0.0059298
2.60512e+07,8800.21,0.869598,0.389955,0.0201445,0.00585544
2.5725e+07,8508.72,0.85869,0.385064,0.0198919,0.00578201
2.54029e+07,8226.88,0.84792,0.380235,0.0196425,0.00570951
2.50848e+07,7954.37,0.837285,0.375467,0.0193962,0.00563792
2.47707e+07,7690.9,0.826784,0.370759,0.019153,0.00556723
2.44606e+07,7436.16,0.816415,0.36611,0.0189128,0.00549742
2.41543e+07,7189.85,0.806176,0.361519,0.0186757,0.0054285
2.38519e+07,6951.71,0.796066,0.356986,0.0184415,0.00536044
2.35532e+07,6721.46,0.786083,0.35251,0.0182103,0.00529323
2.32583e+07,6498.83,0.776226,0.348091,0.017982,0.00522687
2.29671e+07,6283.59,0.766493,0.343727,0.0177566,0.00516135
2.26795e+07,6075.47,0.756881,0.339417,0.017534,0.00509664
2.23956e+07,5874.25,0.747391,0.335162,0.0173142,0.00503275
2.21152e+07,5679.7,0.73802,0.33096,0.0170971,0.00496967
2.18382e+07,5491.59,0.728767,0.326811,0.0168828,0.00490737
2.15648e+07,5309.71,0.71963,0.322715,0.0166712,0.00484586
2.12948e+07,5133.86,0.710608,0.318669,0.0164622,0.00478512
2.10282e+07,4963.84,0.701699,0.314675,0.0162559,0.00472514
2.07649e+07,4799.45,0.692902,0.31073,0.0160521,0.00466591
2.05049e+07,4640.5,0.684216,0.306835,0.0158509,0.00460743
2.02481e+07,4486.82,0.675638,0.302989,0.0156523,0.00454968
1.99946e+07,4338.23,0.667169,0.299192,0.0154561,0.00449266
1.97443e+07,4194.57,0.658806,0.295442,0.0152624,0.00443635
1.9497e+07,4055.66,0.650548,0.291739,0.0150711,0.00438075
1.92529e+07,3921.36,0.642393,0.288082,0.0148822,0.00432585
1.90119e+07,3791.51,0.634341,0.284472,0.0146957,0.00427164
1.87738e+07,3665.96,0.62639,0.280907,0.0145115,0.00421811
1.85387e+07,3544.56,0.618539,0.277386,0.0143297,0.00416525
1.83066e+07,3427.19,0.610787,0.27391,0.0141501,0.00411305
1.80774e+07,3313.71,0.603132,0.270477,0.0139728,0.00406151
1.78511e+07,3203.99,0.595572,0.267088,0.0137977,0.00401061
1.76275e+07,3097.9,0.588108,0.263741,0.0136248,0.00396036
1.74068e+07,2995.33,0.580738,0.260436,0.0134541,0.00391073
1.71889e+07,2896.15,0.57346,0.257172,0.0132855,0.00386173
1.69737e+07,2800.26,0.566273,0.253949,0.013119,0.00381334
1.67611e+07,2707.55,0.559177,0.250767,0.0129546,0.00376556
1.65513e+07,2617.9,0.552169,0.247625,0.0127923,0.00371837
1.6344e+07,2531.23,0.54525,0.244522,0.012632,0.00367178
1.61394e+07,2447.43,0.538417,0.241458,0.0124737,0.00362578
1.59373e+07,2366.41,0.53167,0.238433,0.0123174,0.00358035
1.57378e+07,2288.06,0.525008,0.235445,0.0121631,0.00353549
1.55407e+07,2212.32,0.518429,0.232495,0.0120107,0.00349119
1.53461e+07,2139.08,0.511933,0.229582,0.0118602,0.00344745
1.5154e+07,2068.27,0.505519,0.226706,0.0117116,0.00340426
1.49642e+07,1999.81,0.499185,0.223865,0.0115649,0.00336161
1.47769e+07,1933.61,0.49293,0.221061,0.01142,0.0033195
1.45918e+07,1869.6,0.486754,0.218291,0.0112769,0.00327791
1.44091e+07,1807.72,0.480655,0.215556,0.0111357,0.00323684
1.42287e+07,1747.88,0.474633,0.212856,0.0109962,0.00319629
1.40506e+07,1690.03,0.468686,0.210189,0.0108584,0.00315625
1.38746e+07,1634.1,0.462814,0.207556,0.0107224,0.00311671
1.37009e+07,1580.01,0.457015,0.204955,0.010588,0.00307766
1.35294e+07,1527.72,0.45129,0.202388,0.0104554,0.00303911
1.336e+07,1477.16,0.445636,0.199852,0.0103244,0.00300104
1.31927e+07,1428.27,0.440053,0.197349,0.0101951,0.00296344
1.30275e+07,1381.01,0.43454,0.194877,0.0100674,0.00292632
1.28644e+07,1335.31,0.429096,0.192435,0.00994127,0.00288966
1.27033e+07,1291.12,0.42372,0.190025,0.00981673,0.00285347
1.25443e+07,1248.4,0.418412,0.187644,0.00969376,0.00281772
1.23872e+07,1207.09,0.41317,0.185294,0.00957233,0.00278243
1.22321e+07,1167.15,0.407994,0.182972,0.00945243,0.00274757
1.20789e+07,1128.53,0.402883,0.18068,0.00933402,0.00271315
1.19277e+07,1091.19,0.397836,0.178417,0.0092171,0.00267917
1.17783e+07,1055.09,0.392853,0.176182,0.00910165,0.00264561
1.16309e+07,1020.18,0.387931,0.173975,0.00898764,0.00261247
1.14852e+07,986.432,0.383072,0.171796,0.00887506,0.00257975
1.13414e+07,953.799,0.378273,0.169644,0.0087639,0.00254743
1.11994e+07,922.247,0.373535,0.167519,0.00865412,0.00251553
1.10592e+07,891.74,0.368856,0.165421,0.00854573,0.00248402
1.09207e+07,862.243,0.364235,0.163349,0.00843869,0.0024529
1.0784e+07,833.723,0.359673,0.161303,0.00833299,0.00242218
1.0649e+07,806.147,0.355168,0.159282,0.00822862,0.00239184
1.05156e+07,779.485,0.350719,0.157287,0.00812555,0.00236188
1.0384e+07,753.705,0.346326,0.155317,0.00802378,0.0023323
1.0254e+07,728.779,0.341988,0.153372,0.00792328,0.00230309
1.01256e+07,704.679,0.337704,0.151451,0.00782404,0.00227424
9.99878e+06,681.376,0.333474,0.149554,0.00772605,0.00224576
9.87359e+06,658.846,0.329297,0.147681,0.00762928,0.00221763
9.74996e+06,637.061,0.325173,0.145831,0.00753373,0.00218986
9.62788e+06,615.997,0.3211,0.144005,0.00743937,0.00216243
9.50733e+06,595.631,0.317078,0.142201,0.00734619,0.00213535
9.38829e+06,575.939,0.313107,0.14042,0.00725419,0.0021086
9.27074e+06,556.899,0.309185,0.138661,0.00716333,0.00208219
9.15466e+06,538.49,0.305313,0.136925,0.00707362,0.00205612
9.04004e+06,520.69,0.301489,0.13521,0.00698502,0.00203036
8.92685e+06,503.479,0.297712,0.133516,0.00689754,0.00200494
8.81507e+06,486.838,0.293984,0.131844,0.00681116,0.00197983
8.7047e+06,470.748,0.290302,0.130193,0.00672585,0.00195503
8.59571e+06,455.191,0.286666,0.128562,0.00664162,0.00193055
8.48808e+06,440.149,0.283075,0.126952,0.00655844,0.00190637
8.3818e+06,425.604,0.27953,0.125362,0.0064763,0.00188249
8.27686e+06,411.541,0.276029,0.123792,0.0063952,0.00185892
8.17322e+06,397.944,0.272572,0.122242,0.0063151,0.00183564
8.07088e+06,384.797,0.269158,0.120711,0.00623602,0.00181265
7.96983e+06,372.085,0.265787,0.119199,0.00615792,0.00178995
7.87004e+06,359.793,0.262459,0.117706,0.0060808,0.00176753
7.7715e+06,347.909,0.259172,0.116232,0.00600465,0.00174539
7.67419e+06,336.417,0.255926,0.114777,0.00592945,0.00172354
7.5781e+06,325.307,0.252721,0.113339,0.00585519,0.00170195
7.48322e+06,314.563,0.249556,0.11192,0.00578186,0.00168064
7.38952e+06,304.176,0.24643,0.110518,0.00570946,0.00165959
7.297e+06,294.132,0.243344,0.109134,0.00563796,0.00163881
7.20563e+06,284.421,0.240297,0.107767,0.00556735,0.00161828
7.11541e+06,275.031,0.237287,0.106418,0.00549763,0.00159802
7.02632e+06,265.951,0.234316,0.105085,0.00542878,0.00157801
6.93834e+06,257.172,0.231381,0.103769,0.0053608,0.00155824
6.85147e+06,248.684,0.228483,0.10247,0.00529366,0.00153873
6.76568e+06,240.477,0.225622,0.101186,0.00522737,0.00151946
6.68097e+06,232.541,0.222797,0.0999192,0.00516191,0.00150043
6.59732e+06,224.867,0.220006,0.0986679,0.00509727,0.00148164
6.51471e+06,217.448,0.217251,0.0974323,0.00503343,0.00146309
6.43314e+06,210.274,0.214531,0.0962122,0.0049704,0.00144477
6.35259e+06,203.337,0.211844,0.0950073,0.00490816,0.00142667
6.27305e+06,196.63,0.209191,0.0938176,0.0048467,0.00140881
6.19451e+06,190.144,0.206571,0.0926427,0.004786,0.00139117
6.11695e+06,183.874,0.203984,0.0914826,0.00472607,0.00137375
6.04036e+06,177.81,0.20143,0.090337,0.00466689,0.00135654
5.96473e+06,171.947,0.198907,0.0892057,0.00460844,0.00133956
5.89004e+06,166.278,0.196417,0.0880886,0.00455073,0.00132278
5.81629e+06,160.797,0.193957,0.0869855,0.00449375,0.00130622
5.74347e+06,155.497,0.191528,0.0858962,0.00443747,0.00128986
5.67155e+06,150.372,0.18913,0.0848206,0.00438191,0.00127371
5.60054e+06,145.417,0.186761,0.0837584,0.00432703,0.00125776
5.53042e+06,140.625,0.184422,0.0827096,0.00427285,0.00124201
5.46117e+06,135.992,0.182113,0.0816738,0.00421934,0.00122645
5.39279e+06,131.512,0.179832,0.0806511,0.00416651,0.0012111
5.32527e+06,127.18,0.17758,0.0796411,0.00411433,0.00119593
5.25859e+06,122.992,0.175357,0.0786438,0.00406281,0.00118095
5.19275e+06,118.942,0.173161,0.077659,0.00401194,0.00116617
5.12773e+06,115.026,0.170992,0.0766866,0.0039617,0.00115156
5.06353e+06,111.239,0.168851,0.0757263,0.00391209,0.00113714
5.00013e+06,107.577,0.166737,0.074778,0.0038631,0.0011229
4.93752e+06,104.037,0.164649,0.0738416,0.00381473,0.00110884
4.8757e+06,100.613,0.162587,0.072917,0.00376696,0.00109496
4.81465e+06,97.303,0.160551,0.0720039,0.00371979,0.00108125
4.75436e+06,94.1021,0.158541,0.0711023,0.00367321,0.00106771
4.69484e+06,91.0069,0.156555,0.0702119,0.00362721,0.00105434
4.63605e+06,88.014,0.154595,0.0693327,0.00358179,0.00104113
4.578e+06,85.12,0.152659,0.0684645,0.00353694,0.0010281
4.52068e+06,82.3217,0.150747,0.0676072,0.00349265,0.00101522
4.46408e+06,79.6157,0.14886,0.0667606,0.00344892,0.00100251
4.40819e+06,76.9992,0.146996,0.0659246,0.00340573,0.000989958
4.35299e+06,74.4691,0.145155,0.0650991,0.00336308,0.000977562
4.29849e+06,72.0226,0.143337,0.064284,0.00332097,0.000965321
4.24467e+06,69.6569,0.141542,0.063479,0.00327939,0.000953233
4.19152e+06,67.3693,0.13977,0.0626841,0.00323832,0.000941297
4.13904e+06,65.1573,0.13802,0.0618992,0.00319777,0.00092951
4.08721e+06,63.0183,0.136292,0.0611241,0.00315773,0.000917871
4.03604e+06,60.95,0.134585,0.0603587,0.00311819,0.000906378
3.9855e+06,58.9499,0.1329,0.0596029,0.00307915,0.000895028
3.9356e+06,57.0159,0.131236,0.0588566,0.00304059,0.000883821
3.88632e+06,55.1457,0.129592,0.0581196,0.00300252,0.000872754
3.83766e+06,53.3372,0.127969,0.0573918,0.00296492,0.000861826
3.78961e+06,51.5885,0.126367,0.0566732,0.00292779,0.000851034
3.74216e+06,49.8974,0.124785,0.0559635,0.00289113,0.000840378
3.69531e+06,48.2622,0.123222,0.0552628,0.00285493,0.000829855
3.64904e+06,46.6809,0.121679,0.0545708,0.00281918,0.000819464
3.60335e+06,45.1518,0.120156,0.0538875,0.00278388,0.000809203
3.55823e+06,43.6732,0.118651,0.0532127,0.00274902,0.00079907
3.51368e+06,42.2433,0.117165,0.0525464,0.0027146,0.000789064
3.46968e+06,40.8606,0.115698,0.0518884,0.00268061,0.000779184
3.42624e+06,39.5235,0.114249,0.0512387,0.00264704,0.000769427
3.38334e+06,38.2305,0.112819,0.0505971,0.0026139,0.000759793
3.34098e+06,36.9801,0.111406,0.0499636,0.00258117,0.000750279
3.29914e+06,35.771,0.110011,0.0493379,0.00254885,0.000740884
3.25784e+06,34.6017,0.108634,0.0487202,0.00251693,0.000731607
3.21704e+06,33.471,0.107273,0.0481101,0.00248542,0.000722447
3.17676e+06,32.3775,0.10593,0.0475077,0.00245429,0.0007134
3.13699e+06,31.3201,0.104604,0.0469128,0.00242356,0.000704468
3.09771e+06,30.2976,0.103294,0.0463254,0.00239322,0.000695647
3.05892e+06,29.3087,0.102001,0.0457453,0.00236325,0.000686936
3.02062e+06,28.3524,0.100723,0.0451725,0.00233366,0.000678335
2.9828e+06,27.4276,0.0994621,0.0446069,0.00230444,0.000669841
2.94545e+06,26.5333,0.0982167,0.0440484,0.00227558,0.000661454
2.90857e+06,25.6684,0.0969869,0.0434968,0.00224709,0.000653171
2.87216e+06,24.832,0.0957724,0.0429522,0.00221895,0.000644993
2.83619e+06,24.0231,0.0945732,0.0424143,0.00219117,0.000636916
2.80068e+06,23.2409,0.093389,0.0418833,0.00216373,0.000628941
2.76562e+06,22.4844,0.0922197,0.0413588,0.00213664,0.000621066
2.73099e+06,21.7528,0.0910649,0.0408409,0.00210988,0.000613289
2.69679e+06,21.0453,0.0899247,0.0403296,0.00208347,0.00060561
2.66303e+06,20.3611,0.0887987,0.0398246,0.00205738,0.000598027
2.62968e+06,19.6994,0.0876868,0.0393259,0.00203162,0.000590539
2.59676e+06,19.0594,0.0865888,0.0388335,0.00200618,0.000583145
2.56424e+06,18.4405,0.0855046,0.0383473,0.00198106,0.000575843
2.53214e+06,17.842,0.084434,0.0378671,0.00195625,0.000568633
2.50043e+06,17.2631,0.0833767,0.0373929,0.00193176,0.000561513
2.46912e+06,16.7032,0.0823327,0.0369247,0.00190757,0.000554482
2.43821e+06,16.1618,0.0813018,0.0364624,0.00188368,0.000547539
2.40768e+06,15.6381,0.0802838,0.0360058,0.0018601,0.000540683
2.37753e+06,15.1317,0.0792786,0.035555,0.00183681,0.000533913
2.34776e+06,14.6418,0.0782859,0.0351098,0.00181381,0.000527228
2.31837e+06,14.1681,0.0773056,0.0346702,0.0017911,0.000520626
2.28934e+06,13.7099,0.0763377,0.0342361,0.00176867,0.000514107
2.26067e+06,13.2668,0.0753818,0.0338074,0.00174652,0.00050767
2.23237e+06,12.8382,0.0744379,0.0333841,0.00172466,0.000501313
2.20442e+06,12.4237,0.0735059,0.0329661,0.00170306,0.000495036
2.17682e+06,12.0227,0.0725855,0.0325533,0.00168174,0.000488838
2.14956e+06,11.635,0.0716766,0.0321457,0.00166068,0.000482717
2.12265e+06,11.2599,0.0707791,0.0317432,0.00163989,0.000476673
2.09607e+06,10.8971,0.0698929,0.0313457,0.00161935,0.000470704
2.06982e+06,10.5463,0.0690177,0.0309532,0.00159908,0.00046481
2.04391e+06,10.2069,0.0681536,0.0305656,0.00157905,0.00045899
2.01832e+06,9.87866,0.0673002,0.0301829,0.00155928,0.000453243
1.99304e+06,9.56116,0.0664575,0.029805,0.00153976,0.000447568
1.96809e+06,9.25406,0.0656254,0.0294318,0.00152048,0.000441964
1.94345e+06,8.95701,0.0648037,0.0290633,0.00150144,0.00043643
1.91911e+06,8.66969,0.0639922,0.0286994,0.00148264,0.000430965
1.89508e+06,8.39177,0.063191,0.02834,0.00146408,0.000425569
1.87136e+06,8.12294,0.0623997,0.0279852,0.00144574,0.000420241
1.84792e+06,7.8629,0.0616184,0.0276348,0.00142764,0.000414979
1.82479e+06,7.61137,0.0608469,0.0272887,0.00140977,0.000409783
1.80194e+06,7.36806,0.060085,0.0269471,0.00139211,0.000404652
1.77938e+06,7.1327,0.0593327,0.0266096,0.00137468,0.000399585
1.7571e+06,6.90503,0.0585898,0.0262765,0.00135747,0.000394582
1.7351e+06,6.68479,0.0578561,0.0259475,0.00134047,0.000389641
1.71337e+06,6.47175,0.0571317,0.0256226,0.00132369,0.000384762
1.69192e+06,6.26566,0.0564164,0.0253017,0.00130711,0.000379945
1.67073e+06,6.0663,0.05571,0.0249849,0.00129075,0.000375187
1.64982e+06,5.87343,0.0550124,0.0246721,0.00127459,0.00037049
1.62916e+06,5.68686,0.0543236,0.0243632,0.00125863,0.000365851
1.60876e+06,5.50637,0.0536434,0.0240581,0.00124287,0.00036127
1.58862e+06,5.33176,0.0529717,0.0237569,0.00122731,0.000356746
1.56873e+06,5.16284,0.0523084,0.0234594,0.00121194,0.000352279
1.54908e+06,4.99941,0.0516535,0.0231657,0.00119676,0.000347868
1.52969e+06,4.84131,0.0510067,0.0228756,0.00118178,0.000343513
1.51053e+06,4.68836,0.0503681,0.0225892,0.00116698,0.000339212
1.49162e+06,4.54037,0.0497374,0.0223063,0.00115237,0.000334964
1.47294e+06,4.3972,0.0491146,0.022027,0.00113794,0.00033077
1.4545e+06,4.25868,0.0484997,0.0217512,0.00112369,0.000326629
1.43629e+06,4.12467,0.0478924,0.0214789,0.00110962,0.000322539
1.41831e+06,3.995,0.0472927,0.02121,0.00109573,0.0003185
1.40055e+06,3.86955,0.0467006,0.0209444,0.00108201,0.000314512
1.38301e+06,3.74816,0.0461158,0.0206821,0.00106846,0.000310574
1.36569e+06,3.63071,0.0455384,0.0204232,0.00105508,0.000306685
1.34859e+06,3.51707,0.0449682,0.0201674,0.00104187,0.000302845
1.33171e+06,3.40711,0.0444052,0.0199149,0.00102883,0.000299053
1.31504e+06,3.30071,0.0438492,0.0196656,0.00101594,0.000295309
1.29857e+06,3.19776,0.0433001,0.0194193,0.00100322,0.000291611
1.28231e+06,3.09814,0.0427579,0.0191762,0.000990662,0.00028796
1.26625e+06,3.00174,0.0422226,0.0189361,0.000978258,0.000284355
1.2504e+06,2.90845,0.0416939,0.018699,0.000966009,0.000280794
1.23474e+06,2.81818,0.0411718,0.0184649,0.000953914,0.000277278
1.21928e+06,2.73083,0.0406563,0.0182337,0.00094197,0.000273806
1.20402e+06,2.64629,0.0401473,0.0180053,0.000930175,0.000270378
1.18894e+06,2.56448,0.0396446,0.0177799,0.000918529,0.000266993
1.17405e+06,2.48531,0.0391482,0.0175573,0.000907028,0.00026365
1.15935e+06,2.40869,0.038658,0.0173374,0.000895671,0.000260349
1.14484e+06,2.33453,0.038174,0.0171204,0.000884456,0.000257089
1.1305e+06,2.26277,0.037696,0.016906,0.000873382,0.00025387
1.11635e+06,2.19331,0.037224,0.0166943,0.000862446,0.000250691
1.10237e+06,2.12608,0.0367579,0.0164853,0.000851647,0.000247552
1.08857e+06,2.06101,0.0362977,0.0162789,0.000840984,0.000244452
1.07494e+06,1.99803,0.0358432,0.016075,0.000830454,0.000241392
1.06148e+06,1.93708,0.0353944,0.0158738,0.000820056,0.000238369
1.04819e+06,1.87807,0.0349512,0.015675,0.000809788,0.000235385
1.03506e+06,1.82096,0.0345136,0.0154787,0.000799648,0.000232437
1.0221e+06,1.76567,0.0340814,0.0152849,0.000789636,0.000229527
1.00931e+06,1.71216,0.0336547,0.0150935,0.000779749,0.000226653
996669,1.66035,0.0332333,0.0149046,0.000769985,0.000223815
984190,1.6102,0.0328172,0.0147179,0.000760344,0.000221013
971867,1.56165,0.0324063,0.0145337,0.000750824,0.000218245
959698,1.51465,0.0320005,0.0143517,0.000741423,0.000215513
947682,1.46915,0.0315998,0.014172,0.00073214,0.000212814
935816,1.42509,0.0312042,0.0139945,0.000722973,0.00021015
924098,1.38244,0.0308135,0.0138193,0.00071392,0.000207518
912528,1.34115,0.0304277,0.0136463,0.000704981,0.00020492
901102,1.30116,0.0300467,0.0134754,0.000696154,0.000202354
889819,1.26245,0.0296705,0.0133067,0.000687438,0.00019982
878678,1.22496,0.029299,0.0131401,0.00067883,0.000197319
867676,1.18866,0.0289321,0.0129755,0.00067033,0.000194848
856812,1.15351,0.0285698,0.0128131,0.000661937,0.000192408
846084,1.11948,0.0282121,0.0126526,0.000653649,0.000189999
835490,1.08651,0.0278589,0.0124942,0.000645465,0.00018762
825029,1.05459,0.0275101,0.0123378,0.000637383,0.000185271
814699,1.02368,0.0271656,0.0121833,0.000629402,0.000182951
804498,0.993735,0.0268255,0.0120308,0.000621521,0.00018066
794425,0.964736,0.0264896,0.0118801,0.000613739,0.000178398
784478,0.936649,0.0261579,0.0117314,0.000606055,0.000176165
774656,0.909444,0.0258304,0.0115845,0.000598466,0.000173959
764956,0.883092,0.025507,0.0114394,0.000590973,0.000171781
755378,0.857566,0.0251876,0.0112962,0.000583573,0.00016963
745920,0.83284,0.0248722,0.0111548,0.000576266,0.000167506
736581,0.808886,0.0245608,0.0110151,0.000569051,0.000165409
727358,0.785681,0.0242533,0.0108772,0.000561926,0.000163337
718251,0.7632,0.0239496,0.010741,0.00055489,0.000161292
709257,0.741419,0.0236497,0.0106065,0.000547942,0.000159273
700377,0.720316,0.0233536,0.0104737,0.000541082,0.000157279
691608,0.699869,0.0230612,0.0103425,0.000534307,0.000155309
682948,0.680056,0.0227724,0.010213,0.000527617,0.000153365
674397,0.660858,0.0224873,0.0100852,0.00052101,0.000151444
665953,0.642254,0.0222057,0.00995889,0.000514487,0.000149548
657614,0.624226,0.0219277,0.00983419,0.000508045,0.000147676
649380,0.606754,0.0216531,0.00971106,0.000501684,0.000145827
641250,0.589821,0.021382,0.00958947,0.000495402,0.000144001
633220,0.573409,0.0211143,0.0094694,0.000489199,0.000142198
625292,0.557502,0.0208499,0.00935083,0.000483074,0.000140417
617463,0.542083,0.0205889,0.00923375,0.000477025,0.000138659
609731,0.527137,0.0203311,0.00911813,0.000471052,0.000136923
602097,0.512649,0.0200765,0.00900396,0.000465154,0.000135208
594558,0.498603,0.0198251,0.00889123,0.00045933,0.000133516
587114,0.484986,0.0195769,0.0087799,0.000453579,0.000131844
579763,0.471784,0.0193318,0.00866997,0.0004479,0.000130193
572503,0.458983,0.0190897,0.00856141,0.000442292,0.000128563
565335,0.446571,0.0188507,0.00845421,0.000436754,0.000126953
558257,0.434536,0.0186147,0.00834836,0.000431285,0.000125364
551267,0.422864,0.0183816,0.00824383,0.000425885,0.000123794
544364,0.411545,0.0181514,0.00814061,0.000420552,0.000122244
537548,0.400568,0.0179242,0.00803868,0.000415287,0.000120713
530818,0.389921,0.0176997,0.00793803,0.000410087,0.000119202
524171,0.379594,0.0174781,0.00783863,0.000404952,0.000117709
517608,0.369577,0.0172593,0.00774049,0.000399882,0.000116235
511127,0.359859,0.0170432,0.00764357,0.000394875,0.00011478
504727,0.350432,0.0168298,0.00754786,0.000389931,0.000113343
498408,0.341286,0.016619,0.00745336,0.000385048,0.000111924
492167,0.332412,0.016411,0.00736003,0.000380227,0.000110522
486005,0.323802,0.0162055,0.00726788,0.000375466,0.000109138
479920,0.315447,0.0160026,0.00717688,0.000370765,0.000107772
473911,0.307339,0.0158022,0.00708702,0.000366123,0.000106423
467977,0.299471,0.0156043,0.00699828,0.000361539,0.00010509
462117,0.291834,0.015409,0.00691065,0.000357012,0.000103774
456331,0.284422,0.015216,0.00682413,0.000352542,0.000102475
450617,0.277227,0.0150255,0.00673868,0.000348128,0.000101192
444975,0.270242,0.0148374,0.00665431,0.000343769,9.99247e-05
439404,0.263461,0.0146516,0.00657099,0.000339464,9.86736e-05
433902,0.256878,0.0144681,0.00648871,0.000335214,9.74381e-05
428469,0.250486,0.014287,0.00640747,0.000331017,9.62181e-05
423104,0.24428,0.0141081,0.00632724,0.000326872,9.50133e-05
417807,0.238253,0.0139315,0.00624802,0.000322779,9.38237e-05
412575,0.232399,0.013757,0.00616979,0.000318738,9.26489e-05
407409,0.226714,0.0135848,0.00609253,0.000314747,9.14889e-05
402308,0.221193,0.0134147,0.00601625,0.000310806,9.03433e-05
397271,0.215829,0.0132467,0.00594092,0.000306914,8.92121e-05
392297,0.210618,0.0130808,0.00586653,0.000303071,8.80951e-05
387385,0.205556,0.0129171,0.00579308,0.000299277,8.69921e-05
382534,0.200637,0.0127553,0.00572054,0.000295529,8.59029e-05
377745,0.195858,0.0125956,0.00564892,0.000291829,8.48273e-05
373015,0.191214,0.0124379,0.00557819,0.000288175,8.37652e-05
368345,0.186701,0.0122822,0.00550834,0.000284567,8.27163e-05
363733,0.182314,0.0121284,0.00543937,0.000281004,8.16806e-05
359178,0.17805,0.0119765,0.00537127,0.000277485,8.06579e-05
354681,0.173905,0.0118266,0.00530401,0.000274011,7.9648e-05
350240,0.169876,0.0116785,0.0052376,0.00027058,7.86507e-05
345855,0.165958,0.0115323,0.00517202,0.000267192,7.7666e-05
341524,0.162149,0.0113879,0.00510726,0.000263847,7.66935e-05
337248,0.158445,0.0112453,0.00504332,0.000260543,7.57332e-05
333025,0.154842,0.0111045,0.00498017,0.000257281,7.4785e-05
328856,0.151339,0.0109654,0.00491781,0.000254059,7.38486e-05
324738,0.147931,0.0108281,0.00485624,0.000250878,7.29239e-05
320672,0.144616,0.0106926,0.00479543,0.000247737,7.20109e-05
316657,0.141391,0.0105587,0.00473539,0.000244635,7.11092e-05
312692,0.138253,0.0104265,0.0046761,0.000241572,7.02189e-05
308777,0.1352,0.0102959,0.00461755,0.000238547,6.93397e-05
304911,0.132228,0.010167,0.00455973,0.000235561,6.84715e-05
301093,0.129337,0.0100397,0.00450264,0.000232611,6.76141e-05
297323,0.126522,0.00991401,0.00444626,0.000229699,6.67675e-05
293600,0.123783,0.00978988,0.00439059,0.000226823,6.59315e-05
289924,0.121116,0.0096673,0.00433562,0.000223983,6.5106e-05
286294,0.118519,0.00954625,0.00428133,0.000221178,6.42908e-05
282709,0.115991,0.00942673,0.00422772,0.000218409,6.34858e-05
279169,0.113529,0.00930869,0.00417479,0.000215674,6.26909e-05
275674,0.111131,0.00919214,0.00412252,0.000212974,6.1906e-05
272222,0.108796,0.00907705,0.0040709,0.000210307,6.11309e-05
268814,0.106521,0.00896339,0.00401993,0.000207674,6.03654e-05
265448,0.104305,0.00885116,0.00396959,0.000205073,5.96096e-05
262124,0.102145,0.00874034,0.00391989,0.000202506,5.88632e-05
258842,0.100042,0.0086309,0.00387081,0.00019997,5.81262e-05
255601,0.0979915,0.00852283,0.00382234,0.000197466,5.73984e-05
252401,0.0959934,0.00841612,0.00377448,0.000194994,5.66797e-05
249241,0.0940459,0.00831074,0.00372722,0.000192552,5.59701e-05
246120,0.0921475,0.00820668,0.00368056,0.000190141,5.52693e-05
243038,0.0902968,0.00810393,0.00363447,0.000187761,5.45772e-05
239995,0.0884923,0.00800246,0.00358896,0.00018541,5.38939e-05
236990,0.0867328,0.00790226,0.00354403,0.000183088,5.32191e-05
234023,0.0850169,0.00780332,0.00349965,0.000180796,5.25527e-05
231093,0.0833433,0.00770561,0.00345583,0.000178532,5.18947e-05
228199,0.0817109,0.00760913,0.00341256,0.000176297,5.12449e-05
225342,0.0801184,0.00751385,0.00336983,0.000174089,5.06033e-05
222520,0.0785648,0.00741977,0.00332764,0.00017191,4.99697e-05
219734,0.0770488,0.00732687,0.00328598,0.000169757,4.9344e-05
216983,0.0755694,0.00723513,0.00324483,0.000167632,4.87262e-05
214266,0.0741257,0.00714454,0.0032042,0.000165533,4.81161e-05
211583,0.0727165,0.00705508,0.00316408,0.00016346,4.75136e-05
208934,0.0713409,0.00696675,0.00312447,0.000161413,4.69187e-05
206318,0.0699979,0.00687952,0.00308535,0.000159392,4.63313e-05
203735,0.0686866,0.00679338,0.00304671,0.000157397,4.57511e-05
201184,0.0674062,0.00670832,0.00300857,0.000155426,4.51783e-05
198665,0.0661557,0.00662433,0.0029709,0.00015348,4.46126e-05
196177,0.0649344,0.00654138,0.0029337,0.000151558,4.4054e-05
193721,0.0637414,0.00645948,0.00289696,0.00014966,4.35024e-05
191295,0.0625759,0.0063786,0.00286069,0.000147786,4.29577e-05
188900,0.0614371,0.00629873,0.00282487,0.000145936,4.24199e-05
186535,0.0603244,0.00621987,0.0027895,0.000144109,4.18887e-05
184199,0.0592371,0.00614199,0.00275458,0.000142304,4.13642e-05
181893,0.0581743,0.00606508,0.00272009,0.000140523,4.08463e-05
179616,0.0571355,0.00598914,0.00268603,0.000138763,4.03349e-05
177367,0.0561199,0.00591415,0.0026524,0.000137026,3.98299e-05
175146,0.0551271,0.0058401,0.00261919,0.00013531,3.93311e-05
172953,0.0541563,0.00576698,0.00258639,0.000133616,3.88387e-05
170787,0.0532069,0.00569477,0.00255401,0.000131943,3.83524e-05
168649,0.0522784,0.00562347,0.00252203,0.000130291,3.78722e-05
166537,0.0513702,0.00555306,0.00249045,0.000128659,3.7398e-05
164452,0.0504819,0.00548353,0.00245927,0.000127048,3.69297e-05
162393,0.0496127,0.00541487,0.00242848,0.000125458,3.64673e-05
160360,0.0487623,0.00534707,0.00239807,0.000123887,3.60107e-05
158352,0.0479301,0.00528012,0.00236804,0.000122336,3.55598e-05
156369,0.0471157,0.00521401,0.00233839,0.000120804,3.51146e-05
154411,0.0463186,0.00514872,0.00230911,0.000119291,3.46749e-05
152478,0.0455384,0.00508425,0.0022802,0.000117798,3.42408e-05
150569,0.0447745,0.0050206,0.00225165,0.000116323,3.3812e-05
148683,0.0440267,0.00495773,0.00222346,0.000114866,3.33887e-05
146822,0.0432944,0.00489566,0.00219562,0.000113428,3.29706e-05
144983,0.0425772,0.00483436,0.00216813,0.000112008,3.25578e-05
143168,0.0418749,0.00477383,0.00214098,0.000110605,3.21501e-05
141375,0.0411869,0.00471406,0.00211417,0.00010922,3.17476e-05
139605,0.040513,0.00465503,0.0020877,0.000107853,3.13501e-05
137857,0.0398528,0.00459675,0.00206156,0.000106502,3.09575e-05
136131,0.0392059,0.00453919,0.00203575,0.000105169,3.05699e-05
134427,0.038572,0.00448235,0.00201026,0.000103852,3.01872e-05
132744,0.0379508,0.00442623,0.00198509,0.000102552,2.98092e-05
131081,0.0373419,0.00437081,0.00196023,0.000101268,2.94359e-05
129440,0.0367451,0.00431608,0.00193569,9.99998e-05,2.90674e-05
127819,0.0361601,0.00426204,0.00191145,9.87477e-05,2.87034e-05
126219,0.0355865,0.00420868,0.00188752,9.75113e-05,2.8344e-05
124639,0.0350241,0.00415598,0.00186389,9.62903e-05,2.79891e-05
123078,0.0344726,0.00410394,0.00184055,9.50847e-05,2.76387e-05
121537,0.0339318,0.00405256,0.0018175,9.38942e-05,2.72926e-05
120015,0.0334013,0.00400182,0.00179475,9.27185e-05,2.69509e-05
118513,0.032881,0.00395171,0.00177227,9.15576e-05,2.66134e-05
117029,0.0323706,0.00390223,0.00175008,9.04112e-05,2.62802e-05
115563,0.0318699,0.00385337,0.00172817,8.92792e-05,2.59512e-05
114116,0.0313786,0.00380512,0.00170653,8.81613e-05,2.56262e-05
112688,0.0308965,0.00375748,0.00168516,8.70574e-05,2.53054e-05
111277,0.0304234,0.00371043,0.00166407,8.59674e-05,2.49885e-05
109883,0.029959,0.00366397,0.00164323,8.4891e-05,2.46756e-05
108507,0.0295033,0.0036181,0.00162265,8.38281e-05,2.43667e-05
107149,0.0290559,0.0035728,0.00160234,8.27785e-05,2.40616e-05
105807,0.0286167,0.00352806,0.00158227,8.1742e-05,2.37603e-05
104482,0.0281855,0.00348389,0.00156246,8.07185e-05,2.34628e-05
103174,0.0277622,0.00344026,0.0015429,7.97079e-05,2.3169e-05
101882,0.0273464,0.00339719,0.00152358,7.87098e-05,2.28789e-05
100607,0.0269381,0.00335465,0.0015045,7.77243e-05,2.25925e-05
99347,0.0265372,0.00331265,0.00148567,7.67511e-05,2.23096e-05
98103.1,0.0261433,0.00327117,0.00146706,7.57901e-05,2.20303e-05
96874.7,0.0257564,0.00323021,0.0014487,7.48412e-05,2.17544e-05
95661.8,0.0253764,0.00318977,0.00143056,7.39041e-05,2.1482e-05
94464,0.025003,0.00314983,0.00141264,7.29787e-05,2.12131e-05
93281.2,0.0246361,0.00311039,0.00139496,7.2065e-05,2.09474e-05
92113.3,0.0242756,0.00307145,0.00137749,7.11626e-05,2.06852e-05
90959.9,0.0239213,0.00303299,0.00136024,7.02716e-05,2.04262e-05
89821,0.0235732,0.00299501,0.00134321,6.93918e-05,2.01704e-05
88696.4,0.023231,0.00295751,0.00132639,6.85229e-05,1.99179e-05
87585.8,0.0228947,0.00292048,0.00130979,6.76649e-05,1.96685e-05
86489.1,0.022564,0.00288391,0.00129339,6.68177e-05,1.94222e-05
85406.2,0.022239,0.0028478,0.00127719,6.59811e-05,1.9179e-05
84336.8,0.0219195,0.00281215,0.0012612,6.51549e-05,1.89389e-05
83280.9,0.0216053,0.00277694,0.00124541,6.43391e-05,1.87017e-05
82238.1,0.0212963,0.00274217,0.00122981,6.35335e-05,1.84676e-05
81208.4,0.0209925,0.00270783,0.00121442,6.2738e-05,1.82363e-05
80191.6,0.0206938,0.00267393,0.00119921,6.19525e-05,1.8008e-05
79187.5,0.0203999,0.00264045,0.0011842,6.11768e-05,1.77825e-05
78196,0.0201109,0.00260739,0.00116937,6.04108e-05,1.75599e-05
77216.9,0.0198267,0.00257474,0.00115473,5.96544e-05,1.734e-05
76250.1,0.019547,0.0025425,0.00114027,5.89075e-05,1.71229e-05
75295.4,0.0192719,0.00251067,0.00112599,5.81699e-05,1.69085e-05
74352.6,0.0190013,0.00247923,0.00111189,5.74416e-05,1.66968e-05
73421.7,0.018735,0.00244819,0.00109797,5.67223e-05,1.64877e-05
72502.3,0.018473,0.00241754,0.00108422,5.60121e-05,1.62813e-05
71594.5,0.0182152,0.00238727,0.00107065,5.53108e-05,1.60774e-05
70698.1,0.0179615,0.00235737,0.00105724,5.46183e-05,1.58761e-05
69812.9,0.0177118,0.00232786,0.001044,5.39344e-05,1.56773e-05
68938.8,0.0174661,0.00229871,0.00103093,5.32591e-05,1.5481e-05
68075.6,0.0172242,0.00226993,0.00101802,5.25922e-05,1.52872e-05
67223.2,0.0169861,0.00224151,0.00100528,5.19337e-05,1.50958e-05
66381.5,0.0167518,0.00221344,0.00099269,5.12835e-05,1.49068e-05
65550.4,0.0165211,0.00218573,0.000980261,5.06413e-05,1.47201e-05
64729.6,0.016294,0.00215836,0.000967987,5.00073e-05,1.45358e-05
63919.1,0.0160704,0.00213133,0.000955867,4.93811e-05,1.43538e-05
63118.8,0.0158502,0.00210465,0.000943899,4.87628e-05,1.41741e-05
62328.5,0.0156335,0.0020783,0.00093208,4.81523e-05,1.39966e-05
61548.1,0.01542,0.00205227,0.00092041,4.75493e-05,1.38214e-05
60777.5,0.0152098,0.00202658,0.000908885,4.6954e-05,1.36483e-05
60016.5,0.0150029,0.0020012,0.000897505,4.63661e-05,1.34774e-05
59265,0.014799,0.00197615,0.000886267,4.57855e-05,1.33087e-05
58522.9,0.0145982,0.0019514,0.000875171,4.52123e-05,1.3142e-05
57790.2,0.0144005,0.00192697,0.000864213,4.46462e-05,1.29775e-05
57066.6,0.0142057,0.00190284,0.000853392,4.40871e-05,1.2815e-05
56352.1,0.0140139,0.00187902,0.000842707,4.35351e-05,1.26545e-05
55646.5,0.0138249,0.00185549,0.000832155,4.299e-05,1.24961e-05
54949.7,0.0136387,0.00183226,0.000821736,4.24517e-05,1.23396e-05
54261.7,0.0134553,0.00180932,0.000811447,4.19202e-05,1.21851e-05
53582.3,0.0132747,0.00178666,0.000801287,4.13953e-05,1.20326e-05
52911.4,0.0130966,0.00176429,0.000791254,4.0877e-05,1.18819e-05
52248.9,0.0129212,0.0017422,0.000781347,4.03652e-05,1.17331e-05
51594.7,0.0127484,0.00172039,0.000771563,3.98598e-05,1.15862e-05
50948.7,0.0125781,0.00169884,0.000761903,3.93607e-05,1.14412e-05
50310.8,0.0124103,0.00167757,0.000752363,3.88679e-05,1.12979e-05
49680.8,0.0122449,0.00165657,0.000742943,3.83812e-05,1.11564e-05
49058.8,0.012082,0.00163583,0.00073364,3.79006e-05,1.10167e-05
48444.5,0.0119213,0.00161534,0.000724454,3.74261e-05,1.08788e-05
47837.9,0.0117631,0.00159512,0.000715384,3.69575e-05,1.07426e-05
47239,0.0116071,0.00157515,0.000706426,3.64947e-05,1.06081e-05
46647.5,0.0114533,0.00155542,0.000697581,3.60378e-05,1.04753e-05
46063.4,0.0113017,0.00153595,0.000688847,3.55866e-05,1.03441e-05
45486.7,0.0111523,0.00151672,0.000680222,3.5141e-05,1.02146e-05
44917.1,0.0110051,0.00149773,0.000671705,3.4701e-05,1.00867e-05
44354.7,0.0108599,0.00147897,0.000663294,3.42665e-05,9.96039e-06
43799.3,0.0107168,0.00146046,0.000654989,3.38374e-05,9.83568e-06
43250.9,0.0105757,0.00144217,0.000646788,3.34138e-05,9.71253e-06
42709.4,0.0104367,0.00142411,0.00063869,3.29954e-05,9.59092e-06
42174.6,0.0102996,0.00140628,0.000630693,3.25823e-05,9.47083e-06
41646.6,0.0101644,0.00138867,0.000622796,3.21743e-05,9.35225e-06
41125.1,0.0100311,0.00137129,0.000614998,3.17715e-05,9.23515e-06
40610.2,0.00989966,0.00135412,0.000607297,3.13736e-05,9.11952e-06
40101.7,0.00977008,0.00133716,0.000599694,3.09808e-05,9.00533e-06
39599.6,0.00964231,0.00132042,0.000592185,3.05929e-05,8.89257e-06
39103.8,0.00951632,0.00130389,0.00058477,3.02099e-05,8.78123e-06
38614.2,0.00939208,0.00128756,0.000577448,2.98316e-05,8.67128e-06
38130.7,0.00926956,0.00127144,0.000570218,2.94581e-05,8.56271e-06
37653.2,0.00914874,0.00125552,0.000563078,2.90892e-05,8.4555e-06
37181.8,0.0090296,0.0012398,0.000556028,2.8725e-05,8.34963e-06
36716.2,0.00891209,0.00122427,0.000549066,2.83653e-05,8.24508e-06
36256.5,0.00879621,0.00120895,0.000542191,2.80102e-05,8.14184e-06
35802.5,0.00868191,0.00119381,0.000535402,2.76595e-05,8.0399e-06
35354.3,0.00856919,0.00117886,0.000528699,2.73131e-05,7.93923e-06
34911.6,0.00845801,0.0011641,0.000522079,2.69712e-05,7.83983e-06
34474.5,0.00834835,0.00114952,0.000515542,2.66335e-05,7.74166e-06
34042.8,0.00824019,0.00113513,0.000509087,2.63e-05,7.64473e-06
33616.6,0.00813351,0.00112092,0.000502713,2.59707e-05,7.54901e-06
33195.7,0.00802827,0.00110688,0.000496418,2.56455e-05,7.45449e-06
32780,0.00792447,0.00109302,0.000490203,2.53244e-05,7.36115e-06
32369.6,0.00782208,0.00107934,0.000484065,2.50073e-05,7.26898e-06
31964.3,0.00772107,0.00106582,0.000478004,2.46942e-05,7.17797e-06
31564.1,0.00762143,0.00105248,0.000472019,2.4385e-05,7.0881e-06
31168.8,0.00752313,0.0010393,0.000466109,2.40797e-05,6.99935e-06
30778.6,0.00742616,0.00102629,0.000460273,2.37782e-05,6.91171e-06
30393.2,0.0073305,0.00101344,0.000454509,2.34804e-05,6.82517e-06
30012.7,0.00723612,0.00100075,0.000448819,2.31865e-05,6.73971e-06
29636.9,0.00714301,0.000988218,0.000443199,2.28961e-05,6.65532e-06
29265.8,0.00705115,0.000975845,0.00043765,2.26095e-05,6.57199e-06
28899.3,0.00696052,0.000963627,0.00043217,2.23264e-05,6.4897e-06
28537.5,0.0068711,0.000951561,0.000426759,2.20468e-05,6.40845e-06
28180.2,0.00678288,0.000939647,0.000421415,2.17708e-05,6.32821e-06
27827.3,0.00669583,0.000927881,0.000416139,2.14982e-05,6.24897e-06
27478.9,0.00660995,0.000916263,0.000410928,2.1229e-05,6.17073e-06
27134.9,0.00652521,0.000904791,0.000405783,2.09632e-05,6.09346e-06
26795.1,0.00644159,0.000893462,0.000400702,2.07007e-05,6.01717e-06
26459.6,0.00635908,0.000882275,0.000395685,2.04415e-05,5.94183e-06
26128.3,0.00627767,0.000871228,0.000390731,2.01856e-05,5.86743e-06
25801.1,0.00619734,0.000860319,0.000385838,1.99328e-05,5.79396e-06
25478.1,0.00611807,0.000849547,0.000381007,1.96833e-05,5.72142e-06
25159.1,0.00603985,0.00083891,0.000376237,1.94368e-05,5.64978e-06
24844.1,0.00596266,0.000828406,0.000371526,1.91934e-05,5.57904e-06
24533,0.00588649,0.000818034,0.000366874,1.89531e-05,5.50918e-06
24225.8,0.00581133,0.000807791,0.000362281,1.87158e-05,5.4402e-06
23922.5,0.00573715,0.000797677,0.000357744,1.84815e-05,5.37209e-06
23623,0.00566395,0.000787689,0.000353265,1.82501e-05,5.30482e-06
23327.2,0.00559171,0.000777827,0.000348842,1.80215e-05,5.2384e-06
23035.1,0.00552042,0.000768088,0.000344474,1.77959e-05,5.17281e-06
22746.7,0.00545006,0.00075847,0.000340161,1.75731e-05,5.10804e-06
22461.9,0.00538063,0.000748974,0.000335902,1.7353e-05,5.04409e-06
22180.6,0.0053121,0.000739596,0.000331696,1.71358e-05,4.98093e-06
21902.9,0.00524447,0.000730335,0.000327543,1.69212e-05,4.91856e-06
21628.7,0.00517773,0.000721191,0.000323442,1.67093e-05,4.85698e-06
21357.8,0.00511185,0.000712161,0.000319392,1.65001e-05,4.79617e-06
21090.4,0.00504684,0.000703244,0.000315393,1.62935e-05,4.73611e-06
20826.4,0.00498267,0.000694439,0.000311444,1.60895e-05,4.67681e-06
20565.6,0.00491934,0.000685744,0.000307544,1.58881e-05,4.61825e-06
20308.1,0.00485684,0.000677157,0.000303693,1.56891e-05,4.56043e-06
20053.8,0.00479514,0.000668679,0.000299891,1.54927e-05,4.50333e-06
19802.7,0.00473425,0.000660306,0.000296136,1.52987e-05,4.44694e-06
19554.8,0.00467415,0.000652039,0.000292428,1.51072e-05,4.39126e-06
19309.9,0.00461483,0.000643874,0.000288767,1.4918e-05,4.33628e-06
19068.1,0.00455627,0.000635813,0.000285151,1.47312e-05,4.28199e-06
18829.4,0.00449848,0.000627852,0.000281581,1.45468e-05,4.22837e-06
18593.6,0.00444143,0.00061999,0.000278055,1.43646e-05,4.17543e-06
18360.8,0.00438513,0.000612227,0.000274573,1.41848e-05,4.12315e-06
18130.9,0.00432955,0.000604562,0.000271136,1.40072e-05,4.07152e-06
17903.9,0.00427469,0.000596992,0.000267741,1.38318e-05,4.02054e-06
17679.7,0.00422053,0.000589517,0.000264388,1.36586e-05,3.9702e-06
17458.4,0.00416708,0.000582136,0.000261078,1.34876e-05,3.92049e-06
17239.8,0.00411432,0.000574847,0.000257809,1.33187e-05,3.8714e-06
17023.9,0.00406223,0.000567649,0.000254581,1.31519e-05,3.82293e-06
16810.8,0.00401082,0.000560542,0.000251393,1.29873e-05,3.77506e-06
16600.3,0.00396007,0.000553523,0.000248246,1.28246e-05,3.72779e-06
16392.4,0.00390997,0.000546593,0.000245137,1.26641e-05,3.68112e-06
16187.2,0.00386052,0.000539749,0.000242068,1.25055e-05,3.63503e-06
15984.5,0.0038117,0.000532991,0.000239037,1.23489e-05,3.58951e-06
15784.4,0.00376351,0.000526317,0.000236044,1.21943e-05,3.54457e-06
15586.7,0.00371593,0.000519727,0.000233089,1.20416e-05,3.50019e-06
15391.6,0.00366897,0.00051322,0.00023017,1.18908e-05,3.45636e-06
15198.8,0.00362261,0.000506794,0.000227288,1.1742e-05,3.41309e-06
15008.5,0.00357685,0.000500448,0.000224442,1.15949e-05,3.37035e-06
14820.6,0.00353167,0.000494182,0.000221632,1.14498e-05,3.32815e-06
14635,0.00348707,0.000487994,0.000218857,1.13064e-05,3.28648e-06
14451.8,0.00344304,0.000481884,0.000216117,1.11648e-05,3.24533e-06
14270.9,0.00339958,0.000475851,0.000213411,1.1025e-05,3.20469e-06
14092.2,0.00335667,0.000469892,0.000210739,1.0887e-05,3.16457e-06
13915.7,0.00331431,0.000464009,0.0002081,1.07507e-05,3.12495e-06
13741.5,0.00327249,0.000458199,0.000205494,1.06161e-05,3.08582e-06
13569.4,0.0032312,0.000452462,0.000202921,1.04831e-05,3.04718e-06
13399.5,0.00319045,0.000446797,0.000200381,1.03519e-05,3.00903e-06
13231.7,0.00315021,0.000441202,0.000197872,1.02223e-05,2.97135e-06
13066.1,0.00311049,0.000435678,0.000195394,1.00943e-05,2.93415e-06
12902.5,0.00307127,0.000430223,0.000192948,9.96788e-06,2.89741e-06
12740.9,0.00303255,0.000424836,0.000190532,9.84308e-06,2.86113e-06
12581.4,0.00299433,0.000419517,0.000188146,9.71983e-06,2.82531e-06
12423.9,0.00295659,0.000414264,0.00018579,9.59813e-06,2.78993e-06
12268.3,0.00291933,0.000409077,0.000183464,9.47795e-06,2.755e-06
12114.7,0.00288255,0.000403955,0.000181167,9.35928e-06,2.7205e-06
11963,0.00284624,0.000398897,0.000178899,9.24209e-06,2.68644e-06
11813.2,0.00281039,0.000393903,0.000176659,9.12637e-06,2.6528e-06
11665.3,0.00277499,0.000388971,0.000174447,9.0121e-06,2.61959e-06
11519.2,0.00274005,0.0003841,0.000172262,8.89926e-06,2.58679e-06
11375,0.00270554,0.000379291,0.000170106,8.78783e-06,2.5544e-06
11232.6,0.00267148,0.000374542,0.000167976,8.6778e-06,2.52241e-06
11091.9,0.00263785,0.000369852,0.000165872,8.56915e-06,2.49083e-06
10953.1,0.00260465,0.000365221,0.000163796,8.46185e-06,2.45964e-06
10815.9,0.00257187,0.000360649,0.000161745,8.3559e-06,2.42885e-06
10680.5,0.0025395,0.000356133,0.000159719,8.25128e-06,2.39844e-06
10546.8,0.00250754,0.000351674,0.00015772,8.14797e-06,2.36841e-06
10414.7,0.00247599,0.00034727,0.000155745,8.04595e-06,2.33875e-06
10284.3,0.00244485,0.000342922,0.000153795,7.9452e-06,2.30947e-06
10155.5,0.00241409,0.000338629,0.000151869,7.84572e-06,2.28055e-06
10028.4,0.00238373,0.000334389,0.000149968,7.74749e-06,2.252e-06
9902.82,0.00235375,0.000330202,0.00014809,7.65048e-06,2.2238e-06
9778.82,0.00232415,0.000326067,0.000146236,7.55469e-06,2.19595e-06
9656.38,0.00229492,0.000321985,0.000144405,7.4601e-06,2.16846e-06
9535.48,0.00226606,0.000317953,0.000142596,7.36669e-06,2.14131e-06
9416.08,0.00223757,0.000313972,0.000140811,7.27445e-06,2.1145e-06
9298.18,0.00220944,0.000310041,0.000139048,7.18337e-06,2.08802e-06
9181.76,0.00218167,0.000306159,0.000137307,7.09342e-06,2.06188e-06
9066.8,0.00215425,0.000302325,0.000135588,7.00461e-06,2.03606e-06
8953.27,0.00212717,0.00029854,0.00013389,6.9169e-06,2.01057e-06
8841.17,0.00210044,0.000294802,0.000132214,6.8303e-06,1.98539e-06
8730.47,0.00207405,0.000291111,0.000130558,6.74478e-06,1.96053e-06
8621.16,0.00204799,0.000287466,0.000128923,6.66033e-06,1.93599e-06
8513.21,0.00202225,0.000283866,0.000127309,6.57693e-06,1.91175e-06
8406.62,0.00199685,0.000280312,0.000125715,6.49458e-06,1.88781e-06
8301.36,0.00197176,0.000276802,0.000124141,6.41326e-06,1.86417e-06
8197.42,0.00194699,0.000273337,0.000122587,6.33296e-06,1.84083e-06
8094.78,0.00192254,0.000269914,0.000121052,6.25367e-06,1.81778e-06
7993.42,0.00189839,0.000266535,0.000119536,6.17537e-06,1.79502e-06
7893.34,0.00187455,0.000263197,0.000118039,6.09805e-06,1.77255e-06
7794.51,0.001851,0.000259902,0.000116561,6.02169e-06,1.75035e-06
7696.91,0.00182776,0.000256648,0.000115102,5.94629e-06,1.72844e-06
7600.54,0.00180481,0.000253434,0.000113661,5.87184e-06,1.70679e-06
7505.37,0.00178215,0.000250261,0.000112238,5.79832e-06,1.68542e-06
7411.4,0.00175977,0.000247127,0.000110832,5.72572e-06,1.66432e-06
7318.6,0.00173768,0.000244033,0.000109445,5.65403e-06,1.64348e-06
7226.96,0.00171586,0.000240978,0.000108074,5.58323e-06,1.6229e-06
7136.48,0.00169432,0.00023796,0.000106721,5.51333e-06,1.60258e-06
7047.12,0.00167306,0.000234981,0.000105385,5.4443e-06,1.58252e-06
6958.88,0.00165205,0.000232039,0.000104065,5.37613e-06,1.5627e-06
6871.75,0.00163132,0.000229133,0.000102762,5.30881e-06,1.54314e-06
6785.71,0.00161085,0.000226264,0.000101476,5.24234e-06,1.52381e-06
6700.75,0.00159063,0.000223431,0.000100205,5.1767e-06,1.50474e-06
6616.85,0.00157067,0.000220634,9.89504e-05,5.11189e-06,1.48589e-06
6534,0.00155096,0.000217871,9.77115e-05,5.04788e-06,1.46729e-06
6452.19,0.0015315,0.000215143,9.6488e-05,4.98468e-06,1.44892e-06
6371.4,0.00151228,0.000212449,9.52799e-05,4.92226e-06,1.43078e-06
6291.62,0.0014933,0.000209789,9.40869e-05,4.86063e-06,1.41286e-06
6212.85,0.00147457,0.000207163,9.29089e-05,4.79977e-06,1.39517e-06
6135.06,0.00145607,0.000204569,9.17455e-05,4.73967e-06,1.3777e-06
6058.24,0.0014378,0.000202007,9.05968e-05,4.68033e-06,1.36045e-06
5982.38,0.00141976,0.000199478,8.94624e-05,4.62173e-06,1.34342e-06
5907.48,0.00140195,0.00019698,8.83423e-05,4.56386e-06,1.3266e-06
5833.51,0.00138437,0.000194514,8.72362e-05,4.50671e-06,1.30999e-06
5760.47,0.001367,0.000192078,8.61439e-05,4.45029e-06,1.29358e-06
5688.34,0.00134985,0.000189673,8.50653e-05,4.39456e-06,1.27739e-06
5617.12,0.00133292,0.000187299,8.40002e-05,4.33954e-06,1.26139e-06
5546.79,0.00131621,0.000184953,8.29484e-05,4.2852e-06,1.2456e-06
5477.34,0.0012997,0.000182638,8.19098e-05,4.23155e-06,1.23e-06
5408.76,0.0012834,0.000180351,8.08842e-05,4.17857e-06,1.2146e-06
5341.03,0.0012673,0.000178093,7.98715e-05,4.12625e-06,1.19939e-06
5274.16,0.00125141,0.000175863,7.88714e-05,4.07458e-06,1.18438e-06
5208.12,0.00123572,0.000173661,7.78839e-05,4.02357e-06,1.16955e-06
5142.91,0.00122022,0.000171486,7.69087e-05,3.97319e-06,1.1549e-06
5078.52,0.00120492,0.000169339,7.59457e-05,3.92344e-06,1.14044e-06
5014.93,0.00118981,0.000167219,7.49948e-05,3.87431e-06,1.12616e-06
4952.14,0.00117489,0.000165125,7.40558e-05,3.8258e-06,1.11206e-06
4890.13,0.00116016,0.000163058,7.31286e-05,3.7779e-06,1.09814e-06
4828.9,0.00114562,0.000161016,7.22129e-05,3.7306e-06,1.08439e-06
4768.44,0.00113125,0.000159,7.13087e-05,3.68389e-06,1.07081e-06
4708.73,0.00111707,0.000157009,7.04159e-05,3.63776e-06,1.0574e-06
4649.78,0.00110307,0.000155043,6.95342e-05,3.59221e-06,1.04416e-06
4591.56,0.00108924,0.000153102,6.86636e-05,3.54723e-06,1.03109e-06
4534.07,0.00107558,0.000151185,6.78039e-05,3.50282e-06,1.01818e-06
4477.3,0.0010621,0.000149292,6.69549e-05,3.45896e-06,1.00543e-06
4421.24,0.00104879,0.000147423,6.61165e-05,3.41565e-06,9.92843e-07
4365.88,0.00103564,0.000145577,6.52887e-05,3.37288e-06,9.80411e-07
4311.21,0.00102266,0.000143754,6.44712e-05,3.33065e-06,9.68136e-07
4257.23,0.00100984,0.000141954,6.3664e-05,3.28895e-06,9.56014e-07
4203.93,0.000997182,0.000140177,6.28669e-05,3.24777e-06,9.44043e-07
4151.29,0.000984684,0.000138422,6.20797e-05,3.2071e-06,9.32223e-07
4099.31,0.000972342,0.000136688,6.13024e-05,3.16695e-06,9.20551e-07
4047.98,0.000960155,0.000134977,6.05348e-05,3.12729e-06,9.09025e-07
3997.3,0.000948121,0.000133287,5.97769e-05,3.08814e-06,8.97643e-07
3947.25,0.000936238,0.000131618,5.90284e-05,3.04947e-06,8.86403e-07
3897.83,0.000924505,0.00012997,5.82893e-05,3.01129e-06,8.75305e-07
3849.02,0.000912918,0.000128343,5.75595e-05,2.97359e-06,8.64345e-07
3800.83,0.000901477,0.000126736,5.68388e-05,2.93635e-06,8.53523e-07
3753.24,0.00089018,0.000125149,5.61271e-05,2.89959e-06,8.42836e-07
3706.25,0.000879025,0.000123582,5.54244e-05,2.86328e-06,8.32283e-07
3659.84,0.000868009,0.000122035,5.47304e-05,2.82743e-06,8.21862e-07
3614.01,0.000857132,0.000120507,5.40451e-05,2.79203e-06,8.11571e-07
3568.76,0.000846391,0.000118998,5.33684e-05,2.75707e-06,8.0141e-07
3524.08,0.000835785,0.000117508,5.27002e-05,2.72255e-06,7.91375e-07
3479.95,0.000825312,0.000116036,5.20403e-05,2.68846e-06,7.81466e-07
3436.38,0.00081497,0.000114584,5.13887e-05,2.6548e-06,7.71682e-07
3393.36,0.000804758,0.000113149,5.07453e-05,2.62156e-06,7.6202e-07
3350.87,0.000794675,0.000111732,5.01099e-05,2.58873e-06,7.52478e-07
3308.91,0.000784718,0.000110333,4.94825e-05,2.55632e-06,7.43057e-07
3267.48,0.000774885,0.000108952,4.88629e-05,2.52431e-06,7.33753e-07
3226.57,0.000765176,0.000107587,4.82511e-05,2.4927e-06,7.24566e-07
3186.17,0.000755589,0.00010624,4.7647e-05,2.46149e-06,7.15493e-07
3146.28,0.000746122,0.00010491,4.70504e-05,2.43067e-06,7.06535e-07
3106.88,0.000736774,0.000103597,4.64613e-05,2.40024e-06,6.97688e-07
3067.98,0.000727543,0.000102299,4.58795e-05,2.37019e-06,6.88952e-07
3029.57,0.000718428,0.000101019,4.53051e-05,2.34051e-06,6.80326e-07
2991.63,0.000709427,9.97537e-05,4.47378e-05,2.3112e-06,6.71808e-07
2954.17,0.000700539,9.85047e-05,4.41777e-05,2.28227e-06,6.63396e-07
2917.19,0.000691763,9.72713e-05,4.36245e-05,2.25369e-06,6.5509e-07
2880.66,0.000683096,9.60534e-05,4.30783e-05,2.22547e-06,6.46887e-07
2844.59,0.000674538,9.48507e-05,4.25389e-05,2.19761e-06,6.38788e-07
2808.97,0.000666088,9.36631e-05,4.20063e-05,2.17009e-06,6.30789e-07
2773.8,0.000657744,9.24903e-05,4.14803e-05,2.14292e-06,6.22891e-07
2739.07,0.000649504,9.13323e-05,4.09609e-05,2.11609e-06,6.15092e-07
2704.78,0.000641367,9.01887e-05,4.04481e-05,2.08959e-06,6.07391e-07
2670.91,0.000633333,8.90594e-05,3.99416e-05,2.06343e-06,5.99786e-07
2637.47,0.000625399,8.79443e-05,3.94415e-05,2.03759e-06,5.92276e-07
2604.44,0.000617564,8.68432e-05,3.89477e-05,2.01208e-06,5.8486e-07
2571.83,0.000609828,8.57558e-05,3.846e-05,1.98689e-06,5.77537e-07
2539.63,0.000602189,8.46821e-05,3.79785e-05,1.96201e-06,5.70306e-07
2507.83,0.000594646,8.36218e-05,3.75029e-05,1.93744e-06,5.63165e-07
2476.43,0.000587197,8.25748e-05,3.70334e-05,1.91318e-06,5.56113e-07
2445.43,0.000579842,8.15408e-05,3.65697e-05,1.88923e-06,5.4915e-07
2414.81,0.000572578,8.05199e-05,3.61118e-05,1.86557e-06,5.42274e-07
2384.57,0.000565406,7.95117e-05,3.56596e-05,1.84221e-06,5.35485e-07
2354.71,0.000558324,7.85161e-05,3.52131e-05,1.81915e-06,5.2878e-07
2325.23,0.00055133,7.7533e-05,3.47722e-05,1.79637e-06,5.22159e-07
2296.12,0.000544424,7.65622e-05,3.43368e-05,1.77388e-06,5.15621e-07
2267.37,0.000537605,7.56036e-05,3.39069e-05,1.75167e-06,5.09165e-07
2238.98,0.000530871,7.4657e-05,3.34824e-05,1.72974e-06,5.0279e-07
2210.94,0.000524222,7.37222e-05,3.30631e-05,1.70808e-06,4.96494e-07
2183.26,0.000517656,7.27991e-05,3.26492e-05,1.68669e-06,4.90278e-07
2155.92,0.000511172,7.18876e-05,3.22404e-05,1.66557e-06,4.84139e-07
2128.93,0.000504769,7.09875e-05,3.18367e-05,1.64472e-06,4.78077e-07
2102.27,0.000498447,7.00987e-05,3.14381e-05,1.62412e-06,4.72091e-07
2075.95,0.000492204,6.9221e-05,3.10444e-05,1.60379e-06,4.6618e-07
2049.96,0.000486039,6.83543e-05,3.06557e-05,1.58371e-06,4.60343e-07
2024.29,0.000479952,6.74984e-05,3.02719e-05,1.56388e-06,4.54579e-07
1998.94,0.00047394,6.66533e-05,2.98928e-05,1.5443e-06,4.48887e-07
1973.92,0.000468004,6.58187e-05,2.95186e-05,1.52496e-06,4.43267e-07
1949.2,0.000462143,6.49946e-05,2.9149e-05,1.50587e-06,4.37717e-07
1924.79,0.000456355,6.41808e-05,2.8784e-05,1.48701e-06,4.32236e-07
1900.69,0.000450639,6.33772e-05,2.84236e-05,1.46839e-06,4.26824e-07
1876.9,0.000444995,6.25837e-05,2.80677e-05,1.45001e-06,4.2148e-07
1853.4,0.000439422,6.18e-05,2.77163e-05,1.43185e-06,4.16203e-07
1830.19,0.000433918,6.10262e-05,2.73692e-05,1.41392e-06,4.10991e-07
1807.27,0.000428484,6.02621e-05,2.70265e-05,1.39622e-06,4.05845e-07
1784.64,0.000423117,5.95076e-05,2.66881e-05,1.37874e-06,4.00764e-07
1762.3,0.000417818,5.87625e-05,2.6354e-05,1.36147e-06,3.95746e-07
1740.23,0.000412586,5.80267e-05,2.6024e-05,1.34443e-06,3.90791e-07
1718.44,0.000407418,5.73002e-05,2.56982e-05,1.32759e-06,3.85898e-07
1696.93,0.000402316,5.65827e-05,2.53764e-05,1.31097e-06,3.81066e-07
1675.68,0.000397277,5.58743e-05,2.50587e-05,1.29456e-06,3.76295e-07
1654.7,0.000392302,5.51747e-05,2.47449e-05,1.27835e-06,3.71583e-07
1633.98,0.000387389,5.44838e-05,2.44351e-05,1.26234e-06,3.6693e-07
1613.52,0.000382537,5.38016e-05,2.41291e-05,1.24654e-06,3.62336e-07
1593.32,0.000377747,5.3128e-05,2.3827e-05,1.23093e-06,3.57799e-07
1573.37,0.000373016,5.24628e-05,2.35287e-05,1.21552e-06,3.53319e-07
1553.67,0.000368344,5.18059e-05,2.32341e-05,1.2003e-06,3.48895e-07
1534.22,0.000363731,5.11572e-05,2.29431e-05,1.18527e-06,3.44527e-07
1515.01,0.000359176,5.05167e-05,2.26559e-05,1.17043e-06,3.40213e-07
1496.04,0.000354678,4.98842e-05,2.23722e-05,1.15577e-06,3.35953e-07
1477.3,0.000350237,4.92596e-05,2.20921e-05,1.1413e-06,3.31747e-07
1458.81,0.00034585,4.86428e-05,2.18155e-05,1.12701e-06,3.27593e-07
1440.54,0.000341519,4.80338e-05,2.15423e-05,1.1129e-06,3.23491e-07
1422.5,0.000337242,4.74323e-05,2.12726e-05,1.09896e-06,3.19441e-07
1404.69,0.000333019,4.68384e-05,2.10062e-05,1.0852e-06,3.15441e-07
1387.11,0.000328849,4.6252e-05,2.07432e-05,1.07162e-06,3.11492e-07
1369.74,0.000324731,4.56729e-05,2.04835e-05,1.0582e-06,3.07591e-07
1352.59,0.000320664,4.5101e-05,2.0227e-05,1.04495e-06,3.0374e-07
1335.65,0.000316648,4.45363e-05,1.99738e-05,1.03187e-06,2.99937e-07
1318.93,0.000312683,4.39786e-05,1.97237e-05,1.01895e-06,2.96181e-07
1302.41,0.000308767,4.3428e-05,1.94767e-05,1.00619e-06,2.92473e-07
1286.11,0.000304901,4.28842e-05,1.92328e-05,9.93589e-07,2.88811e-07
1270,0.000301082,4.23473e-05,1.8992e-05,9.81148e-07,2.85195e-07
1254.1,0.000297312,4.1817e-05,1.87542e-05,9.68864e-07,2.81624e-07
1238.4,0.000293589,4.12935e-05,1.85194e-05,9.56732e-07,2.78098e-07
1222.89,0.000289912,4.07764e-05,1.82875e-05,9.44753e-07,2.74616e-07
1207.58,0.000286282,4.02659e-05,1.80585e-05,9.32924e-07,2.71177e-07
1192.46,0.000282697,3.97617e-05,1.78324e-05,9.21243e-07,2.67782e-07
1177.53,0.000279157,3.92638e-05,1.76092e-05,9.09708e-07,2.64429e-07
1162.79,0.000275661,3.87722e-05,1.73887e-05,8.98318e-07,2.61118e-07
1148.23,0.000272209,3.82868e-05,1.7171e-05,8.8707e-07,2.57849e-07
1133.85,0.0002688,3.78074e-05,1.6956e-05,8.75963e-07,2.5462e-07
1119.65,0.000265434,3.7334e-05,1.67437e-05,8.64995e-07,2.51432e-07
1105.63,0.000262111,3.68665e-05,1.6534e-05,8.54165e-07,2.48284e-07
1091.79,0.000258828,3.64049e-05,1.6327e-05,8.4347e-07,2.45175e-07
1078.12,0.000255587,3.59491e-05,1.61226e-05,8.32909e-07,2.42105e-07
1064.62,0.000252387,3.5499e-05,1.59207e-05,8.2248e-07,2.39074e-07
1051.29,0.000249226,3.50545e-05,1.57213e-05,8.12181e-07,2.3608e-07
1038.13,0.000246105,3.46156e-05,1.55245e-05,8.02012e-07,2.33124e-07
1025.13,0.000243024,3.41822e-05,1.53301e-05,7.9197e-07,2.30205e-07
1012.29,0.00023998,3.37542e-05,1.51382e-05,7.82054e-07,2.27323e-07
999.619,0.000236975,3.33315e-05,1.49486e-05,7.72262e-07,2.24477e-07
987.103,0.000234008,3.29142e-05,1.47615e-05,7.62593e-07,2.21666e-07
974.744,0.000231078,3.25021e-05,1.45766e-05,7.53044e-07,2.18891e-07
962.539,0.000228184,3.20951e-05,1.43941e-05,7.43615e-07,2.1615e-07
950.487,0.000225327,3.16933e-05,1.42139e-05,7.34305e-07,2.13444e-07
938.586,0.000222505,3.12964e-05,1.40359e-05,7.2511e-07,2.10771e-07
926.834,0.000219719,3.09046e-05,1.38602e-05,7.16031e-07,2.08132e-07
915.229,0.000216968,3.05176e-05,1.36866e-05,7.07066e-07,2.05526e-07
903.77,0.000214251,3.01355e-05,1.35153e-05,6.98213e-07,2.02953e-07
892.454,0.000211568,2.97582e-05,1.3346e-05,6.8947e-07,2.00411e-07
881.279,0.000208919,2.93856e-05,1.31789e-05,6.80838e-07,1.97902e-07
870.245,0.000206303,2.90176e-05,1.30139e-05,6.72313e-07,1.95424e-07
859.349,0.000203719,2.86543e-05,1.2851e-05,6.63895e-07,1.92977e-07
848.589,0.000201168,2.82955e-05,1.26901e-05,6.55582e-07,1.90561e-07
837.964,0.000198649,2.79413e-05,1.25312e-05,6.47374e-07,1.88175e-07
827.472,0.000196162,2.75914e-05,1.23743e-05,6.39268e-07,1.85819e-07
817.111,0.000193706,2.72459e-05,1.22193e-05,6.31264e-07,1.83492e-07
806.88,0.00019128,2.69048e-05,1.20663e-05,6.2336e-07,1.81195e-07
796.777,0.000188885,2.65679e-05,1.19153e-05,6.15555e-07,1.78926e-07
786.8,0.00018652,2.62353e-05,1.17661e-05,6.07847e-07,1.76686e-07
776.949,0.000184184,2.59068e-05,1.16187e-05,6.00237e-07,1.74473e-07
767.221,0.000181878,2.55824e-05,1.14733e-05,5.92721e-07,1.72289e-07
757.615,0.0001796,2.52621e-05,1.13296e-05,5.853e-07,1.70132e-07
748.128,0.000177352,2.49458e-05,1.11877e-05,5.77971e-07,1.68001e-07
738.761,0.000175131,2.46334e-05,1.10477e-05,5.70734e-07,1.65898e-07
729.511,0.000172938,2.4325e-05,1.09093e-05,5.63588e-07,1.63821e-07
720.377,0.000170772,2.40204e-05,1.07727e-05,5.56532e-07,1.61769e-07
711.357,0.000168634,2.37197e-05,1.06379e-05,5.49563e-07,1.59744e-07
702.45,0.000166522,2.34227e-05,1.05047e-05,5.42682e-07,1.57744e-07
693.655,0.000164437,2.31294e-05,1.03731e-05,5.35887e-07,1.55769e-07
684.97,0.000162378,2.28398e-05,1.02433e-05,5.29177e-07,1.53818e-07
676.393,0.000160345,2.25538e-05,1.0115e-05,5.22552e-07,1.51892e-07
667.924,0.000158337,2.22714e-05,9.98835e-06,5.16009e-07,1.49991e-07
659.561,0.000156355,2.19926e-05,9.86328e-06,5.09548e-07,1.48113e-07
651.303,0.000154397,2.17172e-05,9.73979e-06,5.03168e-07,1.46258e-07
643.148,0.000152464,2.14453e-05,9.61784e-06,4.96868e-07,1.44427e-07
635.095,0.000150555,2.11768e-05,9.49741e-06,4.90646e-07,1.42618e-07
627.143,0.000148669,2.09116e-05,9.37849e-06,4.84503e-07,1.40833e-07
619.291,0.000146808,2.06498e-05,9.26107e-06,4.78437e-07,1.39069e-07
611.537,0.00014497,2.03912e-05,9.14511e-06,4.72446e-07,1.37328e-07
603.88,0.000143154,2.01359e-05,9.0306e-06,4.66531e-07,1.35609e-07
596.318,0.000141362,1.98838e-05,8.91753e-06,4.60689e-07,1.33911e-07
588.852,0.000139592,1.96348e-05,8.80588e-06,4.54921e-07,1.32234e-07
581.479,0.000137844,1.9389e-05,8.69562e-06,4.49225e-07,1.30578e-07
574.198,0.000136118,1.91462e-05,8.58674e-06,4.436e-07,1.28943e-07
567.009,0.000134413,1.89065e-05,8.47923e-06,4.38046e-07,1.27329e-07
559.909,0.00013273,1.86697e-05,8.37306e-06,4.32561e-07,1.25734e-07
552.899,0.000131068,1.8436e-05,8.26822e-06,4.27145e-07,1.2416e-07
545.976,0.000129427,1.82051e-05,8.16469e-06,4.21797e-07,1.22606e-07
539.14,0.000127807,1.79772e-05,8.06246e-06,4.16516e-07,1.2107e-07
532.389,0.000126206,1.77521e-05,7.96151e-06,4.113e-07,1.19555e-07
525.723,0.000124626,1.75298e-05,7.86183e-06,4.06151e-07,1.18058e-07
519.141,0.000123066,1.73103e-05,7.76339e-06,4.01065e-07,1.16579e-07
