5.52009e+13,2.38446e+13
6.31738e+13,2.72896e+13
6.42397e+13,2.77502e+13
6.37422e+13,2.75354e+13
6.28164e+13,2.71355e+13
6.17434e+13,2.6672e+13
6.06092e+13,2.6182e+13
5.94484e+13,2.56806e+13
5.82789e+13,2.51754e+13
5.71122e+13,2.46714e+13
5.59561e+13,2.4172e+13
5.48164e+13,2.36797e+13
5.36976e+13,2.31963e+13
5.26022e+13,2.27232e+13
5.1533e+13,2.22613e+13
5.0491e+13,2.18112e+13
4.94774e+13,2.13733e+13
4.84925e+13,2.09479e+13
4.754e+13,2.05364e+13
4.66984e+13,2.01728e+13
4.59424e+13,1.98463e+13
4.52462e+13,1.95455e+13
4.45947e+13,1.92641e+13
4.39796e+13,1.89984e+13
4.33954e+13,1.8746e+13
4.28373e+13,1.85049e+13
4.23023e+13,1.82738e+13
4.1788e+13,1.80516e+13
4.12921e+13,1.78374e+13
4.0813e+13,1.76304e+13
4.03489e+13,1.743e+13
3.9899e+13,1.72356e+13
3.94618e+13,1.70467e+13
3.90367e+13,1.68631e+13
3.86223e+13,1.66841e+13
3.82186e+13,1.65097e+13
3.78246e+13,1.63395e+13
3.74395e+13,1.61731e+13
3.7063e+13,1.60105e+13
3.66948e+13,1.58515e+13
3.63343e+13,1.56957e+13
3.5981e+13,1.55431e+13
3.56346e+13,1.53935e+13
3.5295e+13,1.52467e+13
3.49616e+13,1.51027e+13
3.46344e+13,1.49614e+13
3.43132e+13,1.48226e+13
3.39977e+13,1.46863e+13
3.36876e+13,1.45524e+13
3.33827e+13,1.44207e+13
3.30827e+13,1.42911e+13
3.27876e+13,1.41636e+13
3.24974e+13,1.40382e+13
3.22118e+13,1.39149e+13
3.19307e+13,1.37934e+13
3.16538e+13,1.36738e+13
3.13812e+13,1.3556e+13
3.11127e+13,1.34401e+13
3.08482e+13,1.33258e+13
3.05878e+13,1.32133e+13
3.03311e+13,1.31024e+13
3.00781e+13,1.29932e+13
2.98288e+13,1.28855e+13
2.95831e+13,1.27793e+13
2.93409e+13,1.26747e+13
2.91021e+13,1.25715e+13
2.88667e+13,1.24698e+13
2.86346e+13,1.23696e+13
2.84056e+13,1.22707e+13
2.81798e+13,1.21731e+13
2.79571e+13,1.20769e+13
2.77374e+13,1.1982e+13
2.75208e+13,1.18885e+13
2.73073e+13,1.17962e+13
2.70966e+13,1.17052e+13
2.68889e+13,1.16155e+13
2.6684e+13,1.1527e+13
2.64818e+13,1.14396e+13
2.62823e+13,1.13534e+13
2.60855e+13,1.12684e+13
2.58914e+13,1.11846e+13
2.56998e+13,1.11018e+13
2.55106e+13,1.10201e+13
2.53241e+13,1.09395e+13
2.51402e+13,1.08601e+13
2.49589e+13,1.07817e+13
2.478e+13,1.07045e+13
2.46035e+13,1.06282e+13
2.44292e+13,1.05529e+13
2.42571e+13,1.04786e+13
2.40873e+13,1.04052e+13
2.39199e+13,1.03329e+13
2.3755e+13,1.02617e+13
2.35923e+13,1.01914e+13
2.34318e+13,1.01221e+13
2.32732e+13,1.00536e+13
2.31166e+13,9.98593e+12
2.29622e+13,9.9192e+12
2.28101e+13,9.8535e+12
2.26602e+13,9.78877e+12
2.25124e+13,9.72491e+12
2.23663e+13,9.66182e+12
2.22222e+13,9.59954e+12
2.20799e+13,9.53808e+12
2.19398e+13,9.47756e+12
2.18018e+13,9.41797e+12
2.16658e+13,9.35921e+12
2.15315e+13,9.3012e+12
2.13989e+13,9.2439e+12
2.12681e+13,9.18738e+12
2.11393e+13,9.13177e+12
2.10125e+13,9.07701e+12
2.08875e+13,9.02301e+12
2.07641e+13,8.9697e+12
2.06424e+13,8.91712e+12
2.05225e+13,8.86531e+12
2.04045e+13,8.81434e+12
2.02882e+13,8.7641e+12
2.01736e+13,8.71458e+12
2.00604e+13,8.66572e+12
1.99491e+13,8.61763e+12
1.98396e+13,8.57033e+12
1.97316e+13,8.52368e+12
1.96252e+13,8.4777e+12
1.95205e+13,8.43247e+12
1.94174e+13,8.38792e+12
1.93159e+13,8.34411e+12
1.92161e+13,8.30097e+12
1.91176e+13,8.25844e+12
1.90208e+13,8.21663e+12
1.89257e+13,8.17554e+12
1.88321e+13,8.13508e+12
1.87398e+13,8.09524e+12
1.86493e+13,8.05612e+12
1.85603e+13,8.01767e+12
1.84727e+13,7.97986e+12
1.83866e+13,7.94267e+12
1.83021e+13,7.90614e+12
1.8219e+13,7.87023e+12
1.81374e+13,7.83501e+12
1.80573e+13,7.80042e+12
1.79788e+13,7.76648e+12
1.79016e+13,7.73315e+12
1.78259e+13,7.70044e+12
1.77516e+13,7.66835e+12
1.76788e+13,7.63689e+12
1.76075e+13,7.60609e+12
1.75377e+13,7.57593e+12
1.74693e+13,7.54641e+12
1.74022e+13,7.51741e+12
1.73366e+13,7.48906e+12
1.72725e+13,7.46137e+12
1.72098e+13,7.4343e+12
1.71486e+13,7.40787e+12
1.70889e+13,7.38208e+12
1.70306e+13,7.35687e+12
1.69735e+13,7.33221e+12
1.69179e+13,7.30822e+12
1.6864e+13,7.2849e+12
1.68114e+13,7.26218e+12
1.67604e+13,7.24017e+12
1.67108e+13,7.21873e+12
1.66624e+13,7.19782e+12
1.66156e+13,7.17761e+12
1.65703e+13,7.15806e+12
1.65265e+13,7.13913e+12
1.64844e+13,7.12095e+12
1.64437e+13,7.10336e+12
1.64042e+13,7.08632e+12
1.63665e+13,7.07001e+12
1.63301e+13,7.0543e+12
1.62956e+13,7.03937e+12
1.62625e+13,7.0251e+12
1.62311e+13,7.01154e+12
1.62012e+13,6.9986e+12
1.61727e+13,6.98629e+12
1.6146e+13,6.97478e+12
1.61209e+13,6.96394e+12
1.60978e+13,6.95395e+12
1.60763e+13,6.94464e+12
1.60565e+13,6.93611e+12
1.60383e+13,6.92824e+12
1.6022e+13,6.92121e+12
1.60077e+13,6.91502e+12
1.59952e+13,6.90963e+12
1.5985e+13,6.90521e+12
1.59766e+13,6.9016e+12
1.59702e+13,6.89883e+12
1.5966e+13,6.89702e+12
1.59643e+13,6.89625e+12
1.59651e+13,6.89663e+12
1.59688e+13,6.89823e+12
1.59758e+13,6.90123e+12
1.59868e+13,6.90598e+12
1.60003e+13,6.91181e+12
1.6016e+13,6.9186e+12
1.60338e+13,6.9263e+12
1.60536e+13,6.93486e+12
1.60753e+13,6.94422e+12
1.60988e+13,6.95436e+12
1.6124e+13,6.96525e+12
1.61509e+13,6.97688e+12
1.61796e+13,6.98928e+12
1.62101e+13,7.00244e+12
1.62422e+13,7.01632e+12
1.62759e+13,7.03089e+12
1.63113e+13,7.04618e+12
1.63482e+13,7.06212e+12
1.63867e+13,7.07875e+12
1.64269e+13,7.09609e+12
1.64687e+13,7.11414e+12
1.65119e+13,7.13281e+12
1.65567e+13,7.15216e+12
1.6603e+13,7.17219e+12
1.66508e+13,7.19282e+12
1.67001e+13,7.21412e+12
1.6751e+13,7.2361e+12
1.68033e+13,7.25872e+12
1.68571e+13,7.28195e+12
1.69124e+13,7.30583e+12
1.69692e+13,7.33039e+12
1.70274e+13,7.35552e+12
1.70871e+13,7.38129e+12
1.71483e+13,7.40772e+12
1.72108e+13,7.43475e+12
1.72748e+13,7.46237e+12
1.73402e+13,7.49064e+12
1.74071e+13,7.51955e+12
1.74755e+13,7.54906e+12
1.75451e+13,7.57916e+12
1.76163e+13,7.60988e+12
1.76888e+13,7.6412e+12
1.77626e+13,7.67309e+12
1.78378e+13,7.70559e+12
1.79145e+13,7.73871e+12
1.79926e+13,7.77245e+12
1.8072e+13,7.80676e+12
1.81528e+13,7.84164e+12
1.82349e+13,7.87712e+12
1.83183e+13,7.91313e+12
1.84029e+13,7.94971e+12
1.8489e+13,7.98688e+12
1.85764e+13,8.02464e+12
1.86652e+13,8.063e+12
1.87553e+13,8.10191e+12
1.88466e+13,8.14135e+12
1.89392e+13,8.18136e+12
1.90329e+13,8.22185e+12
1.91279e+13,8.26287e+12
1.92241e+13,8.30445e+12
1.93216e+13,8.34657e+12
1.94204e+13,8.38924e+12
1.95205e+13,8.43246e+12
1.96217e+13,8.4762e+12
1.97241e+13,8.52041e+12
1.98276e+13,8.56511e+12
1.99321e+13,8.61025e+12
2.00377e+13,8.65587e+12
2.01444e+13,8.70198e+12
2.02523e+13,8.74858e+12
2.03613e+13,8.79566e+12
2.04713e+13,8.84322e+12
2.05825e+13,8.89124e+12
2.06948e+13,8.93974e+12
2.08079e+13,8.98861e+12
2.0922e+13,9.03789e+12
2.10369e+13,9.08752e+12
2.11527e+13,9.13755e+12
2.12694e+13,9.18797e+12
2.1387e+13,9.23878e+12
2.15056e+13,9.28997e+12
2.16249e+13,9.34154e+12
2.17452e+13,9.39348e+12
2.18662e+13,9.44576e+12
2.1988e+13,9.4984e+12
2.21106e+13,9.55136e+12
2.22339e+13,9.60461e+12
2.23578e+13,9.65811e+12
2.24821e+13,9.71182e+12
2.2607e+13,9.76579e+12
2.27325e+13,9.82e+12
2.28586e+13,9.87445e+12
2.29851e+13,9.92913e+12
2.31122e+13,9.98401e+12
2.32397e+13,1.00391e+13
2.33677e+13,1.00944e+13
2.3496e+13,1.01498e+13
2.36247e+13,1.02054e+13
2.37537e+13,1.02611e+13
2.38831e+13,1.0317e+13
2.40126e+13,1.0373e+13
2.41424e+13,1.0429e+13
2.42724e+13,1.04852e+13
2.44025e+13,1.05414e+13
2.45326e+13,1.05976e+13
2.46626e+13,1.06537e+13
2.47926e+13,1.07099e+13
2.49225e+13,1.0766e+13
2.50523e+13,1.08221e+13
2.5182e+13,1.08781e+13
2.53115e+13,1.09341e+13
2.54409e+13,1.09899e+13
2.55699e+13,1.10457e+13
2.56987e+13,1.11013e+13
2.58272e+13,1.11568e+13
2.59553e+13,1.12122e+13
2.6083e+13,1.12673e+13
2.62102e+13,1.13223e+13
2.6337e+13,1.1377e+13
2.64632e+13,1.14316e+13
2.65888e+13,1.14858e+13
2.67138e+13,1.15398e+13
2.68382e+13,1.15936e+13
2.69618e+13,1.1647e+13
2.70847e+13,1.17001e+13
2.72069e+13,1.17528e+13
2.73282e+13,1.18052e+13
2.74486e+13,1.18573e+13
2.75682e+13,1.19089e+13
2.76868e+13,1.19602e+13
2.78045e+13,1.2011e+13
2.79211e+13,1.20614e+13
2.80367e+13,1.21113e+13
2.81511e+13,1.21607e+13
2.82645e+13,1.22097e+13
2.83767e+13,1.22582e+13
2.84877e+13,1.23061e+13
2.85975e+13,1.23536e+13
2.8706e+13,1.24004e+13
2.88133e+13,1.24468e+13
2.89192e+13,1.24925e+13
2.90238e+13,1.25377e+13
2.9127e+13,1.25823e+13
2.92288e+13,1.26262e+13
2.93291e+13,1.26696e+13
2.9428e+13,1.27123e+13
2.95254e+13,1.27544e+13
2.96213e+13,1.27958e+13
2.97157e+13,1.28366e+13
2.98085e+13,1.28767e+13
2.98998e+13,1.29161e+13
2.99895e+13,1.29549e+13
3.00775e+13,1.29929e+13
3.0164e+13,1.30302e+13
3.02488e+13,1.30669e+13
3.03319e+13,1.31028e+13
3.04134e+13,1.3138e+13
3.04932e+13,1.31725e+13
3.05713e+13,1.32062e+13
3.06477e+13,1.32392e+13
3.07225e+13,1.32715e+13
3.07955e+13,1.3303e+13
3.08667e+13,1.33338e+13
3.09363e+13,1.33639e+13
3.10041e+13,1.33931e+13
3.10701e+13,1.34217e+13
3.11343e+13,1.34494e+13
3.11967e+13,1.34764e+13
3.12575e+13,1.35026e+13
3.13164e+13,1.35281e+13
3.13735e+13,1.35527e+13
3.14289e+13,1.35767e+13
3.14825e+13,1.35998e+13
3.15343e+13,1.36222e+13
3.15845e+13,1.36439e+13
3.16329e+13,1.36648e+13
3.16796e+13,1.36849e+13
3.17245e+13,1.37044e+13
3.17678e+13,1.37231e+13
3.18095e+13,1.37411e+13
3.18494e+13,1.37583e+13
3.18877e+13,1.37749e+13
3.19244e+13,1.37907e+13
3.19595e+13,1.38059e+13
3.19929e+13,1.38203e+13
3.20248e+13,1.38341e+13
3.2055e+13,1.38472e+13
3.20838e+13,1.38596e+13
3.2111e+13,1.38713e+13
3.21367e+13,1.38824e+13
3.21609e+13,1.38929e+13
3.21836e+13,1.39027e+13
3.22048e+13,1.39119e+13
3.22247e+13,1.39204e+13
3.22431e+13,1.39284e+13
3.22601e+13,1.39357e+13
3.22758e+13,1.39425e+13
3.229e+13,1.39486e+13
3.23028e+13,1.39542e+13
3.23143e+13,1.39592e+13
3.23246e+13,1.39636e+13
3.23335e+13,1.39674e+13
3.23412e+13,1.39708e+13
3.23476e+13,1.39735e+13
3.23528e+13,1.39758e+13
3.23567e+13,1.39775e+13
3.23595e+13,1.39787e+13
3.23612e+13,1.39794e+13
3.23618e+13,1.39797e+13
3.23613e+13,1.39794e+13
3.23597e+13,1.39788e+13
3.23571e+13,1.39776e+13
3.23535e+13,1.39761e+13
3.23489e+13,1.39741e+13
3.23434e+13,1.39717e+13
3.23369e+13,1.39689e+13
3.23295e+13,1.39657e+13
3.23213e+13,1.39622e+13
3.23122e+13,1.39582e+13
3.23022e+13,1.3954e+13
3.22915e+13,1.39493e+13
3.228e+13,1.39443e+13
3.22677e+13,1.3939e+13
3.22547e+13,1.39334e+13
3.2241e+13,1.39275e+13
3.22266e+13,1.39213e+13
3.22115e+13,1.39147e+13
3.21957e+13,1.39079e+13
3.21794e+13,1.39009e+13
3.21624e+13,1.38936e+13
3.21449e+13,1.3886e+13
3.21268e+13,1.38782e+13
3.21082e+13,1.38701e+13
3.20891e+13,1.38619e+13
3.20695e+13,1.38534e+13
3.20494e+13,1.38447e+13
3.20288e+13,1.38358e+13
3.20078e+13,1.38268e+13
3.19864e+13,1.38175e+13
3.19646e+13,1.38081e+13
3.19423e+13,1.37985e+13
3.19197e+13,1.37887e+13
3.18968e+13,1.37788e+13
3.18735e+13,1.37687e+13
3.18499e+13,1.37585e+13
3.1826e+13,1.37482e+13
3.18018e+13,1.37378e+13
3.17774e+13,1.37272e+13
3.17527e+13,1.37166e+13
3.17278e+13,1.37058e+13
3.17027e+13,1.3695e+13
3.16774e+13,1.3684e+13
3.16519e+13,1.3673e+13
3.16263e+13,1.3662e+13
3.16005e+13,1.36508e+13
3.15746e+13,1.36396e+13
3.15486e+13,1.36284e+13
3.15224e+13,1.36171e+13
3.14962e+13,1.36057e+13
3.14698e+13,1.35944e+13
3.14434e+13,1.35829e+13
3.14169e+13,1.35715e+13
3.13904e+13,1.35601e+13
3.13639e+13,1.35486e+13
3.13373e+13,1.35371e+13
3.13107e+13,1.35256e+13
3.12841e+13,1.35142e+13
3.12576e+13,1.35027e+13
3.12311e+13,1.34912e+13
3.12046e+13,1.34798e+13
3.11781e+13,1.34684e+13
3.11517e+13,1.3457e+13
3.11254e+13,1.34456e+13
3.10991e+13,1.34342e+13
3.1073e+13,1.34229e+13
3.10469e+13,1.34117e+13
3.10209e+13,1.34005e+13
3.09951e+13,1.33893e+13
3.09693e+13,1.33782e+13
3.09437e+13,1.33671e+13
3.09182e+13,1.33561e+13
3.08928e+13,1.33451e+13
3.08676e+13,1.33342e+13
3.08426e+13,1.33234e+13
3.08177e+13,1.33127e+13
3.0793e+13,1.3302e+13
3.07684e+13,1.32914e+13
3.0744e+13,1.32808e+13
3.07198e+13,1.32704e+13
3.06958e+13,1.326e+13
3.0672e+13,1.32497e+13
3.06484e+13,1.32395e+13
3.0625e+13,1.32294e+13
3.06018e+13,1.32194e+13
3.05788e+13,1.32095e+13
3.05561e+13,1.31996e+13
3.05335e+13,1.31899e+13
3.05112e+13,1.31803e+13
3.04891e+13,1.31707e+13
3.04673e+13,1.31613e+13
3.04457e+13,1.3152e+13
3.04243e+13,1.31427e+13
3.04032e+13,1.31336e+13
3.03823e+13,1.31246e+13
3.03617e+13,1.31157e+13
3.03413e+13,1.31069e+13
3.03212e+13,1.30982e+13
3.03013e+13,1.30896e+13
3.02817e+13,1.30811e+13
3.02623e+13,1.30728e+13
3.02432e+13,1.30645e+13
3.02244e+13,1.30564e+13
3.02058e+13,1.30484e+13
3.01875e+13,1.30404e+13
3.01695e+13,1.30326e+13
3.01517e+13,1.3025e+13
3.01342e+13,1.30174e+13
3.01169e+13,1.30099e+13
3.01e+13,1.30026e+13
3.00833e+13,1.29954e+13
3.00668e+13,1.29883e+13
3.00507e+13,1.29813e+13
3.00348e+13,1.29745e+13
3.00192e+13,1.29677e+13
3.00039e+13,1.29611e+13
2.99888e+13,1.29546e+13
2.99741e+13,1.29482e+13
2.99596e+13,1.2942e+13
2.99454e+13,1.29358e+13
2.99314e+13,1.29298e+13
2.99178e+13,1.29239e+13
2.99044e+13,1.29181e+13
2.98913e+13,1.29125e+13
2.98784e+13,1.29069e+13
2.98659e+13,1.29015e+13
2.98536e+13,1.28962e+13
2.98416e+13,1.2891e+13
2.98298e+13,1.28859e+13
2.98184e+13,1.2881e+13
2.98072e+13,1.28761e+13
2.97963e+13,1.28714e+13
2.97856e+13,1.28668e+13
2.97752e+13,1.28623e+13
2.97651e+13,1.2858e+13
2.97553e+13,1.28537e+13
2.97457e+13,1.28496e+13
2.97364e+13,1.28455e+13
2.97273e+13,1.28416e+13
2.97185e+13,1.28378e+13
2.971e+13,1.28341e+13
2.97017e+13,1.28306e+13
2.96936e+13,1.28271e+13
2.96858e+13,1.28237e+13
2.96782e+13,1.28204e+13
2.96709e+13,1.28173e+13
2.96638e+13,1.28142e+13
2.9657e+13,1.28113e+13
2.96504e+13,1.28084e+13
2.96441e+13,1.28057e+13
2.9638e+13,1.28031e+13
2.96321e+13,1.28005e+13
2.96265e+13,1.27981e+13
2.96211e+13,1.27958e+13
2.9616e+13,1.27935e+13
2.9611e+13,1.27914e+13
2.96063e+13,1.27894e+13
2.96019e+13,1.27874e+13
2.95976e+13,1.27856e+13
2.95936e+13,1.27839e+13
2.95898e+13,1.27822e+13
2.95862e+13,1.27807e+13
2.95828e+13,1.27792e+13
2.95797e+13,1.27779e+13
2.95767e+13,1.27766e+13
2.9574e+13,1.27754e+13
2.95714e+13,1.27743e+13
2.95691e+13,1.27733e+13
2.9567e+13,1.27724e+13
2.95651e+13,1.27715e+13
2.95633e+13,1.27708e+13
2.95618e+13,1.27701e+13
2.95604e+13,1.27695e+13
2.95593e+13,1.2769e+13
2.95583e+13,1.27686e+13
2.95575e+13,1.27683e+13
2.95569e+13,1.2768e+13
2.95565e+13,1.27678e+13
2.95563e+13,1.27677e+13
2.95562e+13,1.27677e+13
2.95563e+13,1.27678e+13
2.95565e+13,1.27679e+13
2.9557e+13,1.27681e+13
2.95576e+13,1.27683e+13
2.95583e+13,1.27686e+13
2.95592e+13,1.2769e+13
2.95603e+13,1.27695e+13
2.95615e+13,1.277e+13
2.95629e+13,1.27706e+13
2.95644e+13,1.27713e+13
2.95661e+13,1.2772e+13
2.95679e+13,1.27728e+13
2.95699e+13,1.27736e+13
2.9572e+13,1.27745e+13
2.95742e+13,1.27755e+13
2.95765e+13,1.27765e+13
2.9579e+13,1.27776e+13
2.95816e+13,1.27787e+13
2.95844e+13,1.27799e+13
2.95872e+13,1.27811e+13
2.95902e+13,1.27824e+13
2.95933e+13,1.27837e+13
2.95965e+13,1.27851e+13
2.95998e+13,1.27866e+13
2.96032e+13,1.2788e+13
2.96068e+13,1.27896e+13
2.96104e+13,1.27911e+13
2.96141e+13,1.27927e+13
2.96179e+13,1.27944e+13
2.96219e+13,1.27961e+13
2.96259e+13,1.27978e+13
2.96299e+13,1.27996e+13
2.96341e+13,1.28014e+13
2.96383e+13,1.28032e+13
2.96426e+13,1.2805e+13
2.9647e+13,1.28069e+13
2.96515e+13,1.28089e+13
2.9656e+13,1.28108e+13
2.96606e+13,1.28128e+13
2.96653e+13,1.28148e+13
2.967e+13,1.28169e+13
2.96748e+13,1.2819e+13
2.96797e+13,1.28211e+13
2.96846e+13,1.28232e+13
2.96896e+13,1.28253e+13
2.96946e+13,1.28275e+13
2.96997e+13,1.28297e+13
2.97048e+13,1.28319e+13
2.971e+13,1.28342e+13
2.97153e+13,1.28364e+13
2.97205e+13,1.28387e+13
2.97258e+13,1.2841e+13
2.97312e+13,1.28433e+13
2.97366e+13,1.28456e+13
2.9742e+13,1.2848e+13
2.97475e+13,1.28504e+13
2.9753e+13,1.28527e+13
2.97585e+13,1.28551e+13
2.97641e+13,1.28575e+13
2.97696e+13,1.28599e+13
2.97752e+13,1.28623e+13
2.97809e+13,1.28648e+13
2.97865e+13,1.28672e+13
2.97922e+13,1.28697e+13
2.97978e+13,1.28721e+13
2.98035e+13,1.28746e+13
2.98092e+13,1.2877e+13
2.9815e+13,1.28795e+13
2.98207e+13,1.2882e+13
2.98264e+13,1.28844e+13
2.98321e+13,1.28869e+13
2.98379e+13,1.28894e+13
2.98436e+13,1.28919e+13
2.98494e+13,1.28944e+13
2.98551e+13,1.28968e+13
2.98608e+13,1.28993e+13
2.98666e+13,1.29018e+13
2.98723e+13,1.29043e+13
2.9878e+13,1.29067e+13
2.98837e+13,1.29092e+13
2.98894e+13,1.29117e+13
2.98951e+13,1.29141e+13
2.99008e+13,1.29166e+13
2.99065e+13,1.2919e+13
2.99121e+13,1.29215e+13
2.99177e+13,1.29239e+13
2.99233e+13,1.29263e+13
2.99289e+13,1.29287e+13
2.99345e+13,1.29311e+13
2.994e+13,1.29335e+13
2.99456e+13,1.29359e+13
2.99511e+13,1.29383e+13
2.99565e+13,1.29407e+13
2.9962e+13,1.2943e+13
2.99674e+13,1.29453e+13
2.99728e+13,1.29477e+13
2.99781e+13,1.295e+13
2.99835e+13,1.29523e+13
2.99888e+13,1.29546e+13
2.9994e+13,1.29569e+13
2.99993e+13,1.29591e+13
3.00045e+13,1.29614e+13
3.00096e+13,1.29636e+13
3.00147e+13,1.29658e+13
3.00198e+13,1.2968e+13
3.00249e+13,1.29702e+13
3.00299e+13,1.29723e+13
3.00348e+13,1.29745e+13
3.00398e+13,1.29766e+13
3.00446e+13,1.29787e+13
3.00495e+13,1.29808e+13
3.00543e+13,1.29829e+13
3.0059e+13,1.29849e+13
3.00637e+13,1.2987e+13
3.00684e+13,1.2989e+13
3.0073e+13,1.2991e+13
3.00776e+13,1.29929e+13
3.00821e+13,1.29949e+13
3.00866e+13,1.29968e+13
3.0091e+13,1.29987e+13
3.00954e+13,1.30006e+13
3.00997e+13,1.30025e+13
3.0104e+13,1.30043e+13
3.01082e+13,1.30062e+13
3.01124e+13,1.3008e+13
3.01165e+13,1.30098e+13
3.01206e+13,1.30115e+13
3.01246e+13,1.30133e+13
3.01286e+13,1.3015e+13
3.01325e+13,1.30167e+13
3.01364e+13,1.30184e+13
3.01402e+13,1.302e+13
3.0144e+13,1.30216e+13
3.01478e+13,1.30233e+13
3.01514e+13,1.30248e+13
3.01551e+13,1.30264e+13
3.01586e+13,1.3028e+13
3.01621e+13,1.30295e+13
3.01656e+13,1.3031e+13
3.0169e+13,1.30325e+13
3.01724e+13,1.30339e+13
3.01757e+13,1.30353e+13
3.0179e+13,1.30368e+13
3.01822e+13,1.30381e+13
3.01854e+13,1.30395e+13
3.01885e+13,1.30408e+13
3.01915e+13,1.30422e+13
3.01945e+13,1.30435e+13
3.01975e+13,1.30447e+13
3.02004e+13,1.3046e+13
3.02033e+13,1.30472e+13
3.02061e+13,1.30484e+13
3.02088e+13,1.30496e+13
3.02115e+13,1.30508e+13
3.02142e+13,1.30519e+13
3.02168e+13,1.30531e+13
3.02193e+13,1.30542e+13
3.02218e+13,1.30553e+13
3.02243e+13,1.30563e+13
3.02267e+13,1.30573e+13
3.0229e+13,1.30584e+13
3.02313e+13,1.30594e+13
3.02336e+13,1.30603e+13
3.02358e+13,1.30613e+13
3.0238e+13,1.30622e+13
3.02401e+13,1.30631e+13
3.02421e+13,1.3064e+13
3.02442e+13,1.30649e+13
3.02461e+13,1.30658e+13
3.02481e+13,1.30666e+13
3.02499e+13,1.30674e+13
3.02518e+13,1.30682e+13
3.02536e+13,1.3069e+13
3.02553e+13,1.30697e+13
3.0257e+13,1.30705e+13
3.02587e+13,1.30712e+13
3.02603e+13,1.30719e+13
3.02619e+13,1.30726e+13
3.02634e+13,1.30732e+13
3.02649e+13,1.30739e+13
3.02663e+13,1.30745e+13
3.02677e+13,1.30751e+13
3.02691e+13,1.30757e+13
3.02704e+13,1.30762e+13
3.02717e+13,1.30768e+13
3.02729e+13,1.30773e+13
3.02741e+13,1.30779e+13
3.02753e+13,1.30784e+13
3.02764e+13,1.30788e+13
3.02775e+13,1.30793e+13
3.02786e+13,1.30798e+13
3.02796e+13,1.30802e+13
3.02806e+13,1.30806e+13
3.02815e+13,1.3081e+13
3.02824e+13,1.30814e+13
3.02833e+13,1.30818e+13
3.02841e+13,1.30822e+13
3.02849e+13,1.30825e+13
3.02857e+13,1.30828e+13
3.02864e+13,1.30832e+13
3.02871e+13,1.30835e+13
3.02878e+13,1.30838e+13
3.02884e+13,1.3084e+13
3.02891e+13,1.30843e+13
3.02896e+13,1.30845e+13
3.02902e+13,1.30848e+13
3.02907e+13,1.3085e+13
3.02912e+13,1.30852e+13
3.02917e+13,1.30854e+13
3.02921e+13,1.30856e+13
3.02925e+13,1.30858e+13
3.02929e+13,1.3086e+13
3.02932e+13,1.30861e+13
3.02936e+13,1.30862e+13
3.02939e+13,1.30864e+13
3.02942e+13,1.30865e+13
3.02944e+13,1.30866e+13
3.02946e+13,1.30867e+13
3.02948e+13,1.30868e+13
3.0295e+13,1.30869e+13
3.02952e+13,1.30869e+13
3.02953e+13,1.3087e+13
3.02954e+13,1.30871e+13
3.02955e+13,1.30871e+13
3.02956e+13,1.30871e+13
3.02957e+13,1.30872e+13
3.02957e+13,1.30872e+13
3.02957e+13,1.30872e+13
3.02957e+13,1.30872e+13
3.02957e+13,1.30872e+13
3.02957e+13,1.30872e+13
3.02956e+13,1.30871e+13
3.02956e+13,1.30871e+13
3.02955e+13,1.30871e+13
3.02954e+13,1.3087e+13
3.02953e+13,1.3087e+13
3.02951e+13,1.30869e+13
3.0295e+13,1.30869e+13
3.02948e+13,1.30868e+13
3.02946e+13,1.30867e+13
3.02945e+13,1.30866e+13
3.02943e+13,1.30865e+13
3.0294e+13,1.30865e+13
3.02938e+13,1.30864e+13
3.02936e+13,1.30863e+13
3.02933e+13,1.30861e+13
3.02931e+13,1.3086e+13
3.02928e+13,1.30859e+13
3.02925e+13,1.30858e+13
3.02922e+13,1.30857e+13
3.02919e+13,1.30855e+13
3.02916e+13,1.30854e+13
3.02913e+13,1.30853e+13
3.0291e+13,1.30851e+13
3.02907e+13,1.3085e+13
3.02903e+13,1.30849e+13
3.029e+13,1.30847e+13
3.02897e+13,1.30846e+13
3.02893e+13,1.30844e+13
3.02889e+13,1.30842e+13
3.02886e+13,1.30841e+13
3.02882e+13,1.30839e+13
3.02878e+13,1.30838e+13
3.02874e+13,1.30836e+13
3.02871e+13,1.30834e+13
3.02867e+13,1.30833e+13
3.02863e+13,1.30831e+13
3.02859e+13,1.30829e+13
3.02855e+13,1.30828e+13
3.02851e+13,1.30826e+13
3.02847e+13,1.30824e+13
3.02843e+13,1.30822e+13
3.02839e+13,1.30821e+13
3.02835e+13,1.30819e+13
3.0283e+13,1.30817e+13
3.02826e+13,1.30815e+13
3.02822e+13,1.30813e+13
3.02818e+13,1.30812e+13
3.02814e+13,1.3081e+13
3.0281e+13,1.30808e+13
3.02806e+13,1.30806e+13
3.02802e+13,1.30805e+13
3.02798e+13,1.30803e+13
3.02793e+13,1.30801e+13
3.02789e+13,1.30799e+13
3.02785e+13,1.30798e+13
3.02781e+13,1.30796e+13
3.02777e+13,1.30794e+13
3.02773e+13,1.30792e+13
3.02769e+13,1.30791e+13
3.02765e+13,1.30789e+13
3.02761e+13,1.30787e+13
3.02757e+13,1.30785e+13
3.02754e+13,1.30784e+13
3.0275e+13,1.30782e+13
3.02746e+13,1.3078e+13
3.02742e+13,1.30779e+13
3.02738e+13,1.30777e+13
3.02735e+13,1.30776e+13
3.02731e+13,1.30774e+13
3.02727e+13,1.30773e+13
3.02724e+13,1.30771e+13
3.0272e+13,1.30769e+13
3.02717e+13,1.30768e+13
3.02713e+13,1.30766e+13
3.0271e+13,1.30765e+13
3.02707e+13,1.30764e+13
3.02703e+13,1.30762e+13
3.027e+13,1.30761e+13
3.02697e+13,1.30759e+13
3.02694e+13,1.30758e+13
3.02691e+13,1.30757e+13
3.02688e+13,1.30755e+13
3.02685e+13,1.30754e+13
3.02682e+13,1.30753e+13
3.02679e+13,1.30752e+13
3.02676e+13,1.3075e+13
3.02673e+13,1.30749e+13
3.02671e+13,1.30748e+13
3.02668e+13,1.30747e+13
3.02666e+13,1.30746e+13
3.02663e+13,1.30745e+13
3.02661e+13,1.30744e+13
3.02658e+13,1.30743e+13
3.02656e+13,1.30742e+13
3.02654e+13,1.30741e+13
3.02652e+13,1.3074e+13
3.0265e+13,1.30739e+13
3.02647e+13,1.30738e+13
3.02645e+13,1.30737e+13
3.02644e+13,1.30736e+13
3.02642e+13,1.30736e+13
3.0264e+13,1.30735e+13
3.02638e+13,1.30734e+13
3.02637e+13,1.30733e+13
3.02635e+13,1.30733e+13
3.02634e+13,1.30732e+13
3.02632e+13,1.30731e+13
3.02631e+13,1.30731e+13
3.02629e+13,1.3073e+13
3.02628e+13,1.3073e+13
3.02627e+13,1.30729e+13
3.02626e+13,1.30729e+13
3.02625e+13,1.30728e+13
3.02624e+13,1.30728e+13
3.02623e+13,1.30727e+13
3.02622e+13,1.30727e+13
3.02621e+13,1.30727e+13
3.02621e+13,1.30726e+13
3.0262e+13,1.30726e+13
3.0262e+13,1.30726e+13
3.02619e+13,1.30726e+13
3.02619e+13,1.30726e+13
3.02618e+13,1.30725e+13
3.02618e+13,1.30725e+13
3.02618e+13,1.30725e+13
3.02618e+13,1.30725e+13
3.02617e+13,1.30725e+13
3.02617e+13,1.30725e+13
3.02617e+13,1.30725e+13
3.02618e+13,1.30725e+13
3.02618e+13,1.30725e+13
3.02618e+13,1.30725e+13
3.02618e+13,1.30725e+13
3.02618e+13,1.30725e+13
3.02619e+13,1.30726e+13
3.02619e+13,1.30726e+13
3.0262e+13,1.30726e+13
3.0262e+13,1.30726e+13
3.02621e+13,1.30727e+13
3.02622e+13,1.30727e+13
3.02622e+13,1.30727e+13
3.02623e+13,1.30728e+13
3.02624e+13,1.30728e+13
3.02625e+13,1.30728e+13
3.02626e+13,1.30729e+13
3.02627e+13,1.30729e+13
3.02628e+13,1.3073e+13
3.02629e+13,1.3073e+13
3.0263e+13,1.30731e+13
3.02632e+13,1.30731e+13
3.02633e+13,1.30732e+13
3.02634e+13,1.30732e+13
3.02636e+13,1.30733e+13
3.02637e+13,1.30733e+13
3.02638e+13,1.30734e+13
3.0264e+13,1.30735e+13
3.02642e+13,1.30735e+13
3.02643e+13,1.30736e+13
3.02645e+13,1.30737e+13
3.02646e+13,1.30738e+13
3.02648e+13,1.30738e+13
3.0265e+13,1.30739e+13
3.02652e+13,1.3074e+13
3.02654e+13,1.30741e+13
3.02656e+13,1.30742e+13
3.02658e+13,1.30742e+13
3.0266e+13,1.30743e+13
3.02662e+13,1.30744e+13
3.02664e+13,1.30745e+13
3.02666e+13,1.30746e+13
3.02668e+13,1.30747e+13
3.0267e+13,1.30748e+13
3.02672e+13,1.30749e+13
3.02675e+13,1.3075e+13
3.02677e+13,1.30751e+13
3.02679e+13,1.30752e+13
3.02681e+13,1.30753e+13
3.02684e+13,1.30754e+13
3.02686e+13,1.30755e+13
3.02689e+13,1.30756e+13
3.02691e+13,1.30757e+13
3.02694e+13,1.30758e+13
3.02696e+13,1.30759e+13
3.02699e+13,1.3076e+13
3.02701e+13,1.30761e+13
3.02704e+13,1.30762e+13
3.02706e+13,1.30763e+13
3.02709e+13,1.30765e+13
3.02712e+13,1.30766e+13
3.02714e+13,1.30767e+13
3.02717e+13,1.30768e+13
3.0272e+13,1.30769e+13
3.02722e+13,1.3077e+13
3.02725e+13,1.30772e+13
3.02728e+13,1.30773e+13
3.02731e+13,1.30774e+13
3.02733e+13,1.30775e+13
3.02736e+13,1.30776e+13
3.02739e+13,1.30778e+13
3.02742e+13,1.30779e+13
3.02745e+13,1.3078e+13
3.02748e+13,1.30781e+13
3.02751e+13,1.30783e+13
3.02753e+13,1.30784e+13
3.02756e+13,1.30785e+13
3.02759e+13,1.30786e+13
3.02762e+13,1.30788e+13
3.02765e+13,1.30789e+13
3.02768e+13,1.3079e+13
3.02771e+13,1.30791e+13
3.02774e+13,1.30793e+13
3.02777e+13,1.30794e+13
3.0278e+13,1.30795e+13
3.02783e+13,1.30796e+13
3.02786e+13,1.30798e+13
3.02789e+13,1.30799e+13
3.02792e+13,1.308e+13
3.02795e+13,1.30802e+13
3.02798e+13,1.30803e+13
3.02801e+13,1.30804e+13
3.02804e+13,1.30805e+13
3.02807e+13,1.30807e+13
3.0281e+13,1.30808e+13
3.02813e+13,1.30809e+13
3.02816e+13,1.30811e+13
3.02819e+13,1.30812e+13
3.02822e+13,1.30813e+13
3.02825e+13,1.30814e+13
3.02827e+13,1.30816e+13
3.0283e+13,1.30817e+13
3.02833e+13,1.30818e+13
3.02836e+13,1.3082e+13
3.02839e+13,1.30821e+13
3.02842e+13,1.30822e+13
3.02845e+13,1.30823e+13
3.02848e+13,1.30825e+13
3.02851e+13,1.30826e+13
3.02854e+13,1.30827e+13
3.02857e+13,1.30828e+13
3.0286e+13,1.3083e+13
3.02863e+13,1.30831e+13
3.02866e+13,1.30832e+13
3.02868e+13,1.30833e+13
3.02871e+13,1.30835e+13
3.02874e+13,1.30836e+13
3.02877e+13,1.30837e+13
3.0288e+13,1.30838e+13
3.02883e+13,1.3084e+13
3.02885e+13,1.30841e+13
3.02888e+13,1.30842e+13
3.02891e+13,1.30843e+13
3.02894e+13,1.30844e+13
3.02896e+13,1.30846e+13
3.02899e+13,1.30847e+13
3.02902e+13,1.30848e+13
3.02905e+13,1.30849e+13
3.02907e+13,1.3085e+13
3.0291e+13,1.30851e+13
3.02913e+13,1.30853e+13
3.02915e+13,1.30854e+13
3.02918e+13,1.30855e+13
3.02921e+13,1.30856e+13
3.02923e+13,1.30857e+13
3.02926e+13,1.30858e+13
3.02928e+13,1.30859e+13
3.02931e+13,1.3086e+13
3.02933e+13,1.30862e+13
3.02936e+13,1.30863e+13
3.02938e+13,1.30864e+13
3.02941e+13,1.30865e+13
3.02943e+13,1.30866e+13
3.02946e+13,1.30867e+13
3.02948e+13,1.30868e+13
3.02951e+13,1.30869e+13
3.02953e+13,1.3087e+13
3.02956e+13,1.30871e+13
3.02958e+13,1.30872e+13
3.0296e+13,1.30873e+13
3.02963e+13,1.30874e+13
3.02965e+13,1.30875e+13
3.02967e+13,1.30876e+13
3.02969e+13,1.30877e+13
3.02972e+13,1.30878e+13
3.02974e+13,1.30879e+13
3.02976e+13,1.3088e+13
3.02978e+13,1.30881e+13
3.02981e+13,1.30882e+13
3.02983e+13,1.30883e+13
3.02985e+13,1.30884e+13
3.02987e+13,1.30885e+13
3.02989e+13,1.30886e+13
3.02991e+13,1.30886e+13
3.02993e+13,1.30887e+13
3.02995e+13,1.30888e+13
3.02997e+13,1.30889e+13
3.02999e+13,1.3089e+13
3.03001e+13,1.30891e+13
3.03003e+13,1.30892e+13
3.03005e+13,1.30892e+13
3.03007e+13,1.30893e+13
3.03009e+13,1.30894e+13
3.03011e+13,1.30895e+13
3.03013e+13,1.30896e+13
3.03015e+13,1.30897e+13
3.03016e+13,1.30897e+13
3.03018e+13,1.30898e+13
3.0302e+13,1.30899e+13
3.03022e+13,1.309e+13
3.03023e+13,1.309e+13
3.03025e+13,1.30901e+13
3.03027e+13,1.30902e+13
3.03029e+13,1.30903e+13
3.0303e+13,1.30903e+13
3.03032e+13,1.30904e+13
3.03034e+13,1.30905e+13
3.03035e+13,1.30905e+13
3.03037e+13,1.30906e+13
3.03038e+13,1.30907e+13
3.0304e+13,1.30907e+13
3.03041e+13,1.30908e+13
3.03043e+13,1.30909e+13
3.03044e+13,1.30909e+13
3.03046e+13,1.3091e+13
3.03047e+13,1.30911e+13
3.03049e+13,1.30911e+13
3.0305e+13,1.30912e+13
3.03052e+13,1.30913e+13
3.03053e+13,1.30913e+13
3.03054e+13,1.30914e+13
3.03056e+13,1.30914e+13
3.03057e+13,1.30915e+13
3.03058e+13,1.30916e+13
3.0306e+13,1.30916e+13
3.03061e+13,1.30917e+13
3.03062e+13,1.30917e+13
3.03064e+13,1.30918e+13
3.03065e+13,1.30918e+13
3.03066e+13,1.30919e+13
3.03067e+13,1.30919e+13
3.03068e+13,1.3092e+13
3.0307e+13,1.3092e+13
3.03071e+13,1.30921e+13
3.03072e+13,1.30921e+13
3.03073e+13,1.30922e+13
3.03074e+13,1.30922e+13
3.03075e+13,1.30923e+13
3.03076e+13,1.30923e+13
3.03077e+13,1.30924e+13
3.03078e+13,1.30924e+13
3.0308e+13,1.30925e+13
3.03081e+13,1.30925e+13
3.03082e+13,1.30925e+13
3.03083e+13,1.30926e+13
3.03084e+13,1.30926e+13
3.03084e+13,1.30927e+13
3.03085e+13,1.30927e+13
3.03086e+13,1.30928e+13
3.03087e+13,1.30928e+13
3.03088e+13,1.30928e+13
3.03089e+13,1.30929e+13
3.0309e+13,1.30929e+13
3.03091e+13,1.3093e+13
3.03092e+13,1.3093e+13
3.03093e+13,1.3093e+13
3.03093e+13,1.30931e+13
3.03094e+13,1.30931e+13
3.03095e+13,1.30931e+13
3.03096e+13,1.30932e+13
3.03097e+13,1.30932e+13
3.03097e+13,1.30932e+13
3.03098e+13,1.30933e+13
3.03099e+13,1.30933e+13
3.031e+13,1.30933e+13
3.031e+13,1.30934e+13
3.03101e+13,1.30934e+13
3.03102e+13,1.30934e+13
3.03103e+13,1.30935e+13
3.03103e+13,1.30935e+13
3.03104e+13,1.30935e+13
3.03105e+13,1.30935e+13
3.03105e+13,1.30936e+13
3.03106e+13,1.30936e+13
3.03107e+13,1.30936e+13
3.03107e+13,1.30937e+13
3.03108e+13,1.30937e+13
3.03108e+13,1.30937e+13
3.03109e+13,1.30937e+13
3.0311e+13,1.30938e+13
3.0311e+13,1.30938e+13
3.03111e+13,1.30938e+13
3.03111e+13,1.30938e+13
3.03112e+13,1.30939e+13
3.03113e+13,1.30939e+13
3.03113e+13,1.30939e+13
3.03114e+13,1.30939e+13
3.03114e+13,1.3094e+13
3.03115e+13,1.3094e+13
3.03115e+13,1.3094e+13
3.03116e+13,1.3094e+13
3.03116e+13,1.3094e+13
3.03117e+13,1.30941e+13
3.03117e+13,1.30941e+13
3.03118e+13,1.30941e+13
3.03118e+13,1.30941e+13
3.03119e+13,1.30942e+13
3.03119e+13,1.30942e+13
3.0312e+13,1.30942e+13
3.0312e+13,1.30942e+13
3.0312e+13,1.30942e+13
3.03121e+13,1.30942e+13
3.03121e+13,1.30943e+13
3.03122e+13,1.30943e+13
3.03122e+13,1.30943e+13
3.03123e+13,1.30943e+13
3.03123e+13,1.30943e+13
3.03123e+13,1.30944e+13
3.03124e+13,1.30944e+13
3.03124e+13,1.30944e+13
3.03125e+13,1.30944e+13
3.03125e+13,1.30944e+13
3.03125e+13,1.30944e+13
3.03126e+13,1.30945e+13
3.03126e+13,1.30945e+13
3.03127e+13,1.30945e+13
3.03127e+13,1.30945e+13
3.03127e+13,1.30945e+13
3.03128e+13,1.30945e+13
3.03128e+13,1.30946e+13
3.03128e+13,1.30946e+13
3.03129e+13,1.30946e+13
3.03129e+13,1.30946e+13
3.0313e+13,1.30946e+13
3.0313e+13,1.30946e+13
3.0313e+13,1.30947e+13
3.03131e+13,1.30947e+13
3.03131e+13,1.30947e+13
3.03131e+13,1.30947e+13
3.03132e+13,1.30947e+13
3.03132e+13,1.30947e+13
3.03132e+13,1.30947e+13
3.03133e+13,1.30948e+13
3.03133e+13,1.30948e+13
3.03133e+13,1.30948e+13
3.03134e+13,1.30948e+13
3.03134e+13,1.30948e+13
3.03134e+13,1.30948e+13
3.03134e+13,1.30948e+13
3.03135e+13,1.30948e+13
3.03135e+13,1.30949e+13
3.03135e+13,1.30949e+13
3.03136e+13,1.30949e+13
3.03136e+13,1.30949e+13
3.03136e+13,1.30949e+13
3.03137e+13,1.30949e+13
3.03137e+13,1.30949e+13
3.03137e+13,1.3095e+13
3.03138e+13,1.3095e+13
3.03138e+13,1.3095e+13
3.03138e+13,1.3095e+13
3.03138e+13,1.3095e+13
3.03139e+13,1.3095e+13
3.03139e+13,1.3095e+13
3.03139e+13,1.3095e+13
3.0314e+13,1.30951e+13
3.0314e+13,1.30951e+13
3.0314e+13,1.30951e+13
3.03141e+13,1.30951e+13
3.03141e+13,1.30951e+13
3.03141e+13,1.30951e+13
3.03141e+13,1.30951e+13
3.03142e+13,1.30951e+13
3.03142e+13,1.30952e+13
3.03142e+13,1.30952e+13
3.03143e+13,1.30952e+13
3.03143e+13,1.30952e+13
3.03143e+13,1.30952e+13
3.03143e+13,1.30952e+13
3.03144e+13,1.30952e+13
3.03144e+13,1.30952e+13
3.03144e+13,1.30953e+13
3.03145e+13,1.30953e+13
3.03145e+13,1.30953e+13
3.03145e+13,1.30953e+13
3.03145e+13,1.30953e+13
3.03146e+13,1.30953e+13
3.03146e+13,1.30953e+13
3.03146e+13,1.30953e+13
3.03147e+13,1.30954e+13
3.03147e+13,1.30954e+13
3.03147e+13,1.30954e+13
3.03147e+13,1.30954e+13
3.03148e+13,1.30954e+13
3.03148e+13,1.30954e+13
3.03148e+13,1.30954e+13
3.03149e+13,1.30954e+13
3.03149e+13,1.30955e+13
3.03149e+13,1.30955e+13
3.03149e+13,1.30955e+13
3.0315e+13,1.30955e+13
3.0315e+13,1.30955e+13
3.0315e+13,1.30955e+13
3.03151e+13,1.30955e+13
3.03151e+13,1.30955e+13
3.03151e+13,1.30956e+13
3.03152e+13,1.30956e+13
3.03152e+13,1.30956e+13
3.03152e+13,1.30956e+13
3.03152e+13,1.30956e+13
3.03153e+13,1.30956e+13
3.03153e+13,1.30956e+13
3.03153e+13,1.30956e+13
3.03154e+13,1.30957e+13
3.03154e+13,1.30957e+13
3.03154e+13,1.30957e+13
3.03154e+13,1.30957e+13
3.03155e+13,1.30957e+13
3.03155e+13,1.30957e+13
3.03155e+13,1.30957e+13
3.03156e+13,1.30958e+13
3.03156e+13,1.30958e+13
3.03156e+13,1.30958e+13
3.03157e+13,1.30958e+13
3.03157e+13,1.30958e+13
3.03157e+13,1.30958e+13
3.03157e+13,1.30958e+13
3.03158e+13,1.30958e+13
3.03158e+13,1.30959e+13
3.03158e+13,1.30959e+13
3.03159e+13,1.30959e+13
3.03159e+13,1.30959e+13
3.03159e+13,1.30959e+13
3.0316e+13,1.30959e+13
3.0316e+13,1.30959e+13
3.0316e+13,1.30959e+13
3.0316e+13,1.3096e+13
3.03161e+13,1.3096e+13
3.03161e+13,1.3096e+13
3.03161e+13,1.3096e+13
3.03162e+13,1.3096e+13
3.03162e+13,1.3096e+13
3.03162e+13,1.3096e+13
3.03163e+13,1.30961e+13
3.03163e+13,1.30961e+13
3.03163e+13,1.30961e+13
3.03164e+13,1.30961e+13
3.03164e+13,1.30961e+13
3.03164e+13,1.30961e+13
3.03164e+13,1.30961e+13
3.03165e+13,1.30961e+13
3.03165e+13,1.30962e+13
3.03165e+13,1.30962e+13
3.03166e+13,1.30962e+13
3.03166e+13,1.30962e+13
3.03166e+13,1.30962e+13
3.03167e+13,1.30962e+13
3.03167e+13,1.30962e+13
3.03167e+13,1.30962e+13
3.03167e+13,1.30963e+13
3.03168e+13,1.30963e+13
3.03168e+13,1.30963e+13
3.03168e+13,1.30963e+13
3.03169e+13,1.30963e+13
3.03169e+13,1.30963e+13
3.03169e+13,1.30963e+13
3.0317e+13,1.30964e+13
3.0317e+13,1.30964e+13
3.0317e+13,1.30964e+13
3.03171e+13,1.30964e+13
3.03171e+13,1.30964e+13
3.03171e+13,1.30964e+13
3.03171e+13,1.30964e+13
3.03172e+13,1.30964e+13
3.03172e+13,1.30965e+13
3.03172e+13,1.30965e+13
3.03173e+13,1.30965e+13
3.03173e+13,1.30965e+13
3.03173e+13,1.30965e+13
3.03174e+13,1.30965e+13
3.03174e+13,1.30965e+13
3.03174e+13,1.30965e+13
3.03174e+13,1.30966e+13
3.03175e+13,1.30966e+13
3.03175e+13,1.30966e+13
3.03175e+13,1.30966e+13
3.03176e+13,1.30966e+13
3.03176e+13,1.30966e+13
3.03176e+13,1.30966e+13
3.03177e+13,1.30967e+13
3.03177e+13,1.30967e+13
3.03177e+13,1.30967e+13
3.03177e+13,1.30967e+13
3.03178e+13,1.30967e+13
3.03178e+13,1.30967e+13
3.03178e+13,1.30967e+13
3.03179e+13,1.30967e+13
3.03179e+13,1.30968e+13
3.03179e+13,1.30968e+13
3.03179e+13,1.30968e+13
3.0318e+13,1.30968e+13
3.0318e+13,1.30968e+13
3.0318e+13,1.30968e+13
3.03181e+13,1.30968e+13
3.03181e+13,1.30968e+13
3.03181e+13,1.30969e+13
3.03181e+13,1.30969e+13
3.03182e+13,1.30969e+13
3.03182e+13,1.30969e+13
3.03182e+13,1.30969e+13
3.03183e+13,1.30969e+13
3.03183e+13,1.30969e+13
3.03183e+13,1.30969e+13
3.03183e+13,1.30969e+13
3.03184e+13,1.3097e+13
3.03184e+13,1.3097e+13
3.03184e+13,1.3097e+13
3.03184e+13,1.3097e+13
3.03185e+13,1.3097e+13
3.03185e+13,1.3097e+13
3.03185e+13,1.3097e+13
3.03186e+13,1.3097e+13
3.03186e+13,1.30971e+13
3.03186e+13,1.30971e+13
3.03186e+13,1.30971e+13
3.03187e+13,1.30971e+13
3.03187e+13,1.30971e+13
3.03187e+13,1.30971e+13
3.03187e+13,1.30971e+13
3.03188e+13,1.30971e+13
3.03188e+13,1.30971e+13
3.03188e+13,1.30972e+13
3.03188e+13,1.30972e+13
3.03189e+13,1.30972e+13
3.03189e+13,1.30972e+13
3.03189e+13,1.30972e+13
3.03189e+13,1.30972e+13
3.0319e+13,1.30972e+13
3.0319e+13,1.30972e+13
3.0319e+13,1.30972e+13
3.0319e+13,1.30973e+13
3.03191e+13,1.30973e+13
3.03191e+13,1.30973e+13
3.03191e+13,1.30973e+13
3.03191e+13,1.30973e+13
3.03192e+13,1.30973e+13
3.03192e+13,1.30973e+13
3.03192e+13,1.30973e+13
3.03192e+13,1.30973e+13
3.03193e+13,1.30974e+13
3.03193e+13,1.30974e+13
3.03193e+13,1.30974e+13
3.03193e+13,1.30974e+13
3.03194e+13,1.30974e+13
3.03194e+13,1.30974e+13
3.03194e+13,1.30974e+13
3.03194e+13,1.30974e+13
3.03195e+13,1.30974e+13
3.03195e+13,1.30974e+13
3.03195e+13,1.30975e+13
3.03195e+13,1.30975e+13
3.03195e+13,1.30975e+13
3.03196e+13,1.30975e+13
3.03196e+13,1.30975e+13
3.03196e+13,1.30975e+13
3.03196e+13,1.30975e+13
3.03197e+13,1.30975e+13
3.03197e+13,1.30975e+13
3.03197e+13,1.30975e+13
3.03197e+13,1.30975e+13
3.03197e+13,1.30976e+13
3.03198e+13,1.30976e+13
3.03198e+13,1.30976e+13
3.03198e+13,1.30976e+13
3.03198e+13,1.30976e+13
3.03198e+13,1.30976e+13
3.03199e+13,1.30976e+13
3.03199e+13,1.30976e+13
3.03199e+13,1.30976e+13
3.03199e+13,1.30976e+13
3.03199e+13,1.30976e+13
3.032e+13,1.30977e+13
3.032e+13,1.30977e+13
3.032e+13,1.30977e+13
3.032e+13,1.30977e+13
3.032e+13,1.30977e+13
3.03201e+13,1.30977e+13
3.03201e+13,1.30977e+13
3.03201e+13,1.30977e+13
3.03201e+13,1.30977e+13
3.03201e+13,1.30977e+13
3.03202e+13,1.30977e+13
3.03202e+13,1.30977e+13
3.03202e+13,1.30978e+13
3.03202e+13,1.30978e+13
3.03202e+13,1.30978e+13
3.03202e+13,1.30978e+13
3.03203e+13,1.30978e+13
3.03203e+13,1.30978e+13
3.03203e+13,1.30978e+13
3.03203e+13,1.30978e+13
3.03203e+13,1.30978e+13
3.03204e+13,1.30978e+13
3.03204e+13,1.30978e+13
3.03204e+13,1.30978e+13
3.03204e+13,1.30978e+13
3.03204e+13,1.30978e+13
3.03204e+13,1.30979e+13
3.03205e+13,1.30979e+13
3.03205e+13,1.30979e+13
3.03205e+13,1.30979e+13
3.03205e+13,1.30979e+13
3.03205e+13,1.30979e+13
3.03205e+13,1.30979e+13
3.03206e+13,1.30979e+13
3.03206e+13,1.30979e+13
3.03206e+13,1.30979e+13
3.03206e+13,1.30979e+13
3.03206e+13,1.30979e+13
3.03206e+13,1.30979e+13
3.03206e+13,1.30979e+13
3.03207e+13,1.3098e+13
3.03207e+13,1.3098e+13
3.03207e+13,1.3098e+13
3.03207e+13,1.3098e+13
3.03207e+13,1.3098e+13
3.03207e+13,1.3098e+13
3.03208e+13,1.3098e+13
3.03208e+13,1.3098e+13
3.03208e+13,1.3098e+13
3.03208e+13,1.3098e+13
3.03208e+13,1.3098e+13
3.03208e+13,1.3098e+13
3.03208e+13,1.3098e+13
3.03209e+13,1.3098e+13
3.03209e+13,1.3098e+13
3.03209e+13,1.3098e+13
3.03209e+13,1.30981e+13
3.03209e+13,1.30981e+13
3.03209e+13,1.30981e+13
3.03209e+13,1.30981e+13
3.03209e+13,1.30981e+13
3.0321e+13,1.30981e+13
3.0321e+13,1.30981e+13
3.0321e+13,1.30981e+13
3.0321e+13,1.30981e+13
3.0321e+13,1.30981e+13
3.0321e+13,1.30981e+13
3.0321e+13,1.30981e+13
3.0321e+13,1.30981e+13
3.03211e+13,1.30981e+13
3.03211e+13,1.30981e+13
3.03211e+13,1.30981e+13
3.03211e+13,1.30981e+13
3.03211e+13,1.30981e+13
3.03211e+13,1.30982e+13
3.03211e+13,1.30982e+13
3.03211e+13,1.30982e+13
3.03212e+13,1.30982e+13
3.03212e+13,1.30982e+13
3.03212e+13,1.30982e+13
3.03212e+13,1.30982e+13
3.03212e+13,1.30982e+13
3.03212e+13,1.30982e+13
3.03212e+13,1.30982e+13
3.03212e+13,1.30982e+13
3.03212e+13,1.30982e+13
3.03213e+13,1.30982e+13
3.03213e+13,1.30982e+13
3.03213e+13,1.30982e+13
3.03213e+13,1.30982e+13
3.03213e+13,1.30982e+13
3.03213e+13,1.30982e+13
3.03213e+13,1.30982e+13
3.03213e+13,1.30982e+13
3.03213e+13,1.30982e+13
3.03214e+13,1.30983e+13
3.03214e+13,1.30983e+13
3.03214e+13,1.30983e+13
3.03214e+13,1.30983e+13
3.03214e+13,1.30983e+13
3.03214e+13,1.30983e+13
3.03214e+13,1.30983e+13
3.03214e+13,1.30983e+13
3.03214e+13,1.30983e+13
3.03214e+13,1.30983e+13
3.03215e+13,1.30983e+13
3.03215e+13,1.30983e+13
3.03215e+13,1.30983e+13
3.03215e+13,1.30983e+13
3.03215e+13,1.30983e+13
3.03215e+13,1.30983e+13
3.03215e+13,1.30983e+13
3.03215e+13,1.30983e+13
3.03215e+13,1.30983e+13
3.03215e+13,1.30983e+13
3.03215e+13,1.30983e+13
3.03216e+13,1.30983e+13
3.03216e+13,1.30983e+13
3.03216e+13,1.30983e+13
3.03216e+13,1.30984e+13
3.03216e+13,1.30984e+13
3.03216e+13,1.30984e+13
3.03216e+13,1.30984e+13
3.03216e+13,1.30984e+13
3.03216e+13,1.30984e+13
3.03216e+13,1.30984e+13
3.03216e+13,1.30984e+13
3.03217e+13,1.30984e+13
3.03217e+13,1.30984e+13
3.03217e+13,1.30984e+13
3.03217e+13,1.30984e+13
3.03217e+13,1.30984e+13
3.03217e+13,1.30984e+13
3.03217e+13,1.30984e+13
3.03217e+13,1.30984e+13
3.03217e+13,1.30984e+13
3.03217e+13,1.30984e+13
3.03217e+13,1.30984e+13
3.03217e+13,1.30984e+13
3.03218e+13,1.30984e+13
3.03218e+13,1.30984e+13
3.03218e+13,1.30984e+13
3.03218e+13,1.30984e+13
3.03218e+13,1.30984e+13
3.03218e+13,1.30984e+13
3.03218e+13,1.30984e+13
3.03218e+13,1.30984e+13
3.03218e+13,1.30984e+13
3.03218e+13,1.30985e+13
3.03218e+13,1.30985e+13
3.03218e+13,1.30985e+13
3.03218e+13,1.30985e+13
3.03218e+13,1.30985e+13
3.03219e+13,1.30985e+13
3.03219e+13,1.30985e+13
3.03219e+13,1.30985e+13
3.03219e+13,1.30985e+13
3.03219e+13,1.30985e+13
3.03219e+13,1.30985e+13
3.03219e+13,1.30985e+13
3.03219e+13,1.30985e+13
3.03219e+13,1.30985e+13
3.03219e+13,1.30985e+13
3.03219e+13,1.30985e+13
3.03219e+13,1.30985e+13
3.03219e+13,1.30985e+13
3.03219e+13,1.30985e+13
3.0322e+13,1.30985e+13
3.0322e+13,1.30985e+13
3.0322e+13,1.30985e+13
3.0322e+13,1.30985e+13
3.0322e+13,1.30985e+13
3.0322e+13,1.30985e+13
3.0322e+13,1.30985e+13
3.0322e+13,1.30985e+13
3.0322e+13,1.30985e+13
3.0322e+13,1.30985e+13
3.0322e+13,1.30985e+13
3.0322e+13,1.30985e+13
3.0322e+13,1.30985e+13
3.0322e+13,1.30985e+13
3.0322e+13,1.30986e+13
3.03221e+13,1.30986e+13
3.03221e+13,1.30986e+13
3.03221e+13,1.30986e+13
3.03221e+13,1.30986e+13
3.03221e+13,1.30986e+13
3.03221e+13,1.30986e+13
3.03221e+13,1.30986e+13
3.03221e+13,1.30986e+13
3.03221e+13,1.30986e+13
3.03221e+13,1.30986e+13
3.03221e+13,1.30986e+13
3.03221e+13,1.30986e+13
3.03221e+13,1.30986e+13
3.03221e+13,1.30986e+13
3.03221e+13,1.30986e+13
3.03221e+13,1.30986e+13
3.03222e+13,1.30986e+13
3.03222e+13,1.30986e+13
3.03222e+13,1.30986e+13
3.03222e+13,1.30986e+13
3.03222e+13,1.30986e+13
3.03222e+13,1.30986e+13
3.03222e+13,1.30986e+13
3.03222e+13,1.30986e+13
3.03222e+13,1.30986e+13
3.03222e+13,1.30986e+13
3.03222e+13,1.30986e+13
3.03222e+13,1.30986e+13
3.03222e+13,1.30986e+13
3.03222e+13,1.30986e+13
3.03222e+13,1.30986e+13
3.03222e+13,1.30986e+13
3.03222e+13,1.30986e+13
3.03222e+13,1.30986e+13
3.03223e+13,1.30986e+13
3.03223e+13,1.30986e+13
3.03223e+13,1.30986e+13
3.03223e+13,1.30986e+13
3.03223e+13,1.30986e+13
3.03223e+13,1.30987e+13
3.03223e+13,1.30987e+13
3.03223e+13,1.30987e+13
3.03223e+13,1.30987e+13
3.03223e+13,1.30987e+13
3.03223e+13,1.30987e+13
3.03223e+13,1.30987e+13
3.03223e+13,1.30987e+13
3.03223e+13,1.30987e+13
3.03223e+13,1.30987e+13
3.03223e+13,1.30987e+13
3.03223e+13,1.30987e+13
3.03223e+13,1.30987e+13
3.03223e+13,1.30987e+13
3.03224e+13,1.30987e+13
3.03224e+13,1.30987e+13
3.03224e+13,1.30987e+13
3.03224e+13,1.30987e+13
3.03224e+13,1.30987e+13
3.03224e+13,1.30987e+13
3.03224e+13,1.30987e+13
3.03224e+13,1.30987e+13
3.03224e+13,1.30987e+13
3.03224e+13,1.30987e+13
3.03224e+13,1.30987e+13
3.03224e+13,1.30987e+13
3.03224e+13,1.30987e+13
3.03224e+13,1.30987e+13
3.03224e+13,1.30987e+13
3.03224e+13,1.30987e+13
3.03224e+13,1.30987e+13
3.03224e+13,1.30987e+13
3.03224e+13,1.30987e+13
3.03224e+13,1.30987e+13
3.03225e+13,1.30987e+13
3.03225e+13,1.30987e+13
3.03225e+13,1.30987e+13
3.03225e+13,1.30987e+13
3.03225e+13,1.30987e+13
3.03225e+13,1.30987e+13
3.03225e+13,1.30987e+13
3.03225e+13,1.30987e+13
3.03225e+13,1.30987e+13
3.03225e+13,1.30987e+13
3.03225e+13,1.30987e+13
3.03225e+13,1.30987e+13
3.03225e+13,1.30987e+13
3.03225e+13,1.30988e+13
3.03225e+13,1.30988e+13
3.03225e+13,1.30988e+13
3.03225e+13,1.30988e+13
3.03225e+13,1.30988e+13
3.03225e+13,1.30988e+13
3.03225e+13,1.30988e+13
3.03225e+13,1.30988e+13
3.03225e+13,1.30988e+13
3.03226e+13,1.30988e+13
3.03226e+13,1.30988e+13
3.03226e+13,1.30988e+13
3.03226e+13,1.30988e+13
3.03226e+13,1.30988e+13
3.03226e+13,1.30988e+13
3.03226e+13,1.30988e+13
3.03226e+13,1.30988e+13
3.03226e+13,1.30988e+13
3.03226e+13,1.30988e+13
3.03226e+13,1.30988e+13
3.03226e+13,1.30988e+13
3.03226e+13,1.30988e+13
3.03226e+13,1.30988e+13
3.03226e+13,1.30988e+13
3.03226e+13,1.30988e+13
3.03226e+13,1.30988e+13
3.03226e+13,1.30988e+13
3.03226e+13,1.30988e+13
3.03226e+13,1.30988e+13
3.03226e+13,1.30988e+13
3.03226e+13,1.30988e+13
3.03226e+13,1.30988e+13
3.03226e+13,1.30988e+13
3.03226e+13,1.30988e+13
3.03227e+13,1.30988e+13
3.03227e+13,1.30988e+13
3.03227e+13,1.30988e+13
3.03227e+13,1.30988e+13
3.03227e+13,1.30988e+13
3.03227e+13,1.30988e+13
3.03227e+13,1.30988e+13
3.03227e+13,1.30988e+13
3.03227e+13,1.30988e+13
3.03227e+13,1.30988e+13
3.03227e+13,1.30988e+13
3.03227e+13,1.30988e+13
3.03227e+13,1.30988e+13
3.03227e+13,1.30988e+13
3.03227e+13,1.30988e+13
3.03227e+13,1.30988e+13
3.03227e+13,1.30988e+13
3.03227e+13,1.30988e+13
3.03227e+13,1.30988e+13
3.03227e+13,1.30988e+13
3.03227e+13,1.30988e+13
3.03227e+13,1.30988e+13
3.03227e+13,1.30988e+13
3.03227e+13,1.30988e+13
3.03227e+13,1.30989e+13
3.03227e+13,1.30989e+13
3.03227e+13,1.30989e+13
3.03228e+13,1.30989e+13
3.03228e+13,1.30989e+13
3.03228e+13,1.30989e+13
3.03228e+13,1.30989e+13
3.03228e+13,1.30989e+13
3.03228e+13,1.30989e+13
3.03228e+13,1.30989e+13
3.03228e+13,1.30989e+13
3.03228e+13,1.30989e+13
3.03228e+13,1.30989e+13
3.03228e+13,1.30989e+13
3.03228e+13,1.30989e+13
3.03228e+13,1.30989e+13
3.03228e+13,1.30989e+13
3.03228e+13,1.30989e+13
3.03228e+13,1.30989e+13
3.03228e+13,1.30989e+13
3.03228e+13,1.30989e+13
3.03228e+13,1.30989e+13
3.03228e+13,1.30989e+13
3.03228e+13,1.30989e+13
3.03228e+13,1.30989e+13
3.03228e+13,1.30989e+13
3.03228e+13,1.30989e+13
3.03228e+13,1.30989e+13
3.03228e+13,1.30989e+13
3.03228e+13,1.30989e+13
3.03228e+13,1.30989e+13
3.03228e+13,1.30989e+13
3.03228e+13,1.30989e+13
3.03228e+13,1.30989e+13
3.03228e+13,1.30989e+13
3.03229e+13,1.30989e+13
3.03229e+13,1.30989e+13
3.03229e+13,1.30989e+13
3.03229e+13,1.30989e+13
3.03229e+13,1.30989e+13
3.03229e+13,1.30989e+13
3.03229e+13,1.30989e+13
3.03229e+13,1.30989e+13
3.03229e+13,1.30989e+13
3.03229e+13,1.30989e+13
3.03229e+13,1.30989e+13
3.03229e+13,1.30989e+13
3.03229e+13,1.30989e+13
3.03229e+13,1.30989e+13
3.03229e+13,1.30989e+13
3.03229e+13,1.30989e+13
3.03229e+13,1.30989e+13
3.03229e+13,1.30989e+13
3.03229e+13,1.30989e+13
3.03229e+13,1.30989e+13
3.03229e+13,1.30989e+13
3.03229e+13,1.30989e+13
3.03229e+13,1.30989e+13
3.03229e+13,1.30989e+13
3.03229e+13,1.30989e+13
3.03229e+13,1.30989e+13
3.03229e+13,1.30989e+13
3.03229e+13,1.30989e+13
3.03229e+13,1.30989e+13
3.03229e+13,1.30989e+13
3.03229e+13,1.30989e+13
3.03229e+13,1.30989e+13
3.03229e+13,1.30989e+13
3.03229e+13,1.30989e+13
3.03229e+13,1.30989e+13
3.03229e+13,1.30989e+13
3.03229e+13,1.30989e+13
3.0323e+13,1.30989e+13
3.0323e+13,1.30989e+13
3.0323e+13,1.30989e+13
3.0323e+13,1.30989e+13
3.0323e+13,1.30989e+13
3.0323e+13,1.30989e+13
3.0323e+13,1.30989e+13
3.0323e+13,1.30989e+13
3.0323e+13,1.30989e+13
3.0323e+13,1.3099e+13
3.0323e+13,1.3099e+13
3.0323e+13,1.3099e+13
3.0323e+13,1.3099e+13
3.0323e+13,1.3099e+13
3.0323e+13,1.3099e+13
3.0323e+13,1.3099e+13
3.0323e+13,1.3099e+13
3.0323e+13,1.3099e+13
3.0323e+13,1.3099e+13
3.0323e+13,1.3099e+13
3.0323e+13,1.3099e+13
3.0323e+13,1.3099e+13
3.0323e+13,1.3099e+13
3.0323e+13,1.3099e+13
3.0323e+13,1.3099e+13
3.0323e+13,1.3099e+13
3.0323e+13,1.3099e+13
3.0323e+13,1.3099e+13
3.0323e+13,1.3099e+13
3.0323e+13,1.3099e+13
3.0323e+13,1.3099e+13
3.0323e+13,1.3099e+13
3.0323e+13,1.3099e+13
3.0323e+13,1.3099e+13
3.0323e+13,1.3099e+13
3.0323e+13,1.3099e+13
3.0323e+13,1.3099e+13
3.0323e+13,1.3099e+13
3.0323e+13,1.3099e+13
3.0323e+13,1.3099e+13
3.0323e+13,1.3099e+13
3.0323e+13,1.3099e+13
3.0323e+13,1.3099e+13
3.0323e+13,1.3099e+13
3.0323e+13,1.3099e+13
3.0323e+13,1.3099e+13
3.03231e+13,1.3099e+13
3.03231e+13,1.3099e+13
3.03231e+13,1.3099e+13
3.03231e+13,1.3099e+13
3.03231e+13,1.3099e+13
3.03231e+13,1.3099e+13
3.03231e+13,1.3099e+13
3.03231e+13,1.3099e+13
3.03231e+13,1.3099e+13
3.03231e+13,1.3099e+13
3.03231e+13,1.3099e+13
3.03231e+13,1.3099e+13
3.03231e+13,1.3099e+13
3.03231e+13,1.3099e+13
3.03231e+13,1.3099e+13
3.03231e+13,1.3099e+13
3.03231e+13,1.3099e+13
3.03231e+13,1.3099e+13
3.03231e+13,1.3099e+13
3.03231e+13,1.3099e+13
3.03231e+13,1.3099e+13
3.03231e+13,1.3099e+13
3.03231e+13,1.3099e+13
3.03231e+13,1.3099e+13
3.03231e+13,1.3099e+13
3.03231e+13,1.3099e+13
3.03231e+13,1.3099e+13
3.03231e+13,1.3099e+13
3.03231e+13,1.3099e+13
3.03231e+13,1.3099e+13
3.03231e+13,1.3099e+13
3.03231e+13,1.3099e+13
3.03231e+13,1.3099e+13
3.03231e+13,1.3099e+13
3.03231e+13,1.3099e+13
3.03231e+13,1.3099e+13
3.03231e+13,1.3099e+13
3.03231e+13,1.3099e+13
3.03231e+13,1.3099e+13
3.03231e+13,1.3099e+13
3.03231e+13,1.3099e+13
3.03231e+13,1.3099e+13
3.03231e+13,1.3099e+13
3.03231e+13,1.3099e+13
3.03231e+13,1.3099e+13
3.03231e+13,1.3099e+13
3.03231e+13,1.3099e+13
3.03231e+13,1.3099e+13
3.03231e+13,1.3099e+13
3.03231e+13,1.3099e+13
3.03231e+13,1.3099e+13
3.03231e+13,1.3099e+13
3.03231e+13,1.3099e+13
3.03231e+13,1.3099e+13
3.03231e+13,1.3099e+13
3.03231e+13,1.3099e+13
3.03231e+13,1.3099e+13
3.03231e+13,1.3099e+13
3.03231e+13,1.3099e+13
3.03231e+13,1.3099e+13
3.03231e+13,1.3099e+13
3.03231e+13,1.3099e+13
3.03232e+13,1.3099e+13
3.03232e+13,1.3099e+13
3.03232e+13,1.3099e+13
3.03232e+13,1.3099e+13
3.03232e+13,1.3099e+13
3.03232e+13,1.3099e+13
3.03232e+13,1.3099e+13
3.03232e+13,1.3099e+13
3.03232e+13,1.3099e+13
3.03232e+13,1.3099e+13
3.03232e+13,1.3099e+13
3.03232e+13,1.3099e+13
3.03232e+13,1.3099e+13
3.03232e+13,1.3099e+13
3.03232e+13,1.3099e+13
3.03232e+13,1.3099e+13
3.03232e+13,1.3099e+13
3.03232e+13,1.3099e+13
3.03232e+13,1.3099e+13
3.03232e+13,1.3099e+13
3.03232e+13,1.3099e+13
3.03232e+13,1.3099e+13
3.03232e+13,1.3099e+13
3.03232e+13,1.3099e+13
3.03232e+13,1.3099e+13
3.03232e+13,1.3099e+13
3.03232e+13,1.3099e+13
3.03232e+13,1.3099e+13
3.03232e+13,1.3099e+13
3.03232e+13,1.3099e+13
3.03232e+13,1.3099e+13
3.03232e+13,1.3099e+13
3.03232e+13,1.3099e+13
3.03232e+13,1.3099e+13
3.03232e+13,1.3099e+13
3.03232e+13,1.3099e+13
3.03232e+13,1.3099e+13
3.03232e+13,1.3099e+13
3.03232e+13,1.3099e+13
3.03232e+13,1.3099e+13
3.03232e+13,1.3099e+13
3.03232e+13,1.3099e+13
3.03232e+13,1.3099e+13
3.03232e+13,1.30991e+13
3.03232e+13,1.30991e+13
3.03232e+13,1.30991e+13
3.03232e+13,1.30991e+13
3.03232e+13,1.30991e+13
3.03232e+13,1.30991e+13
3.03232e+13,1.30991e+13
3.03232e+13,1.30991e+13
3.03232e+13,1.30991e+13
3.03232e+13,1.30991e+13
3.03232e+13,1.30991e+13
3.03232e+13,1.30991e+13
3.03232e+13,1.30991e+13
3.03232e+13,1.30991e+13
3.03232e+13,1.30991e+13
3.03232e+13,1.30991e+13
3.03232e+13,1.30991e+13
3.03232e+13,1.30991e+13
3.03232e+13,1.30991e+13
3.03232e+13,1.30991e+13
3.03232e+13,1.30991e+13
3.03232e+13,1.30991e+13
3.03232e+13,1.30991e+13
3.03232e+13,1.30991e+13
3.03232e+13,1.30991e+13
3.03232e+13,1.30991e+13
3.03232e+13,1.30991e+13
3.03232e+13,1.30991e+13
3.03232e+13,1.30991e+13
3.03232e+13,1.30991e+13
3.03232e+13,1.30991e+13
3.03232e+13,1.30991e+13
3.03232e+13,1.30991e+13
3.03232e+13,1.30991e+13
3.03232e+13,1.30991e+13
3.03232e+13,1.30991e+13
3.03232e+13,1.30991e+13
3.03232e+13,1.30991e+13
3.03232e+13,1.30991e+13
3.03232e+13,1.30991e+13
3.03232e+13,1.30991e+13
3.03232e+13,1.30991e+13
3.03232e+13,1.30991e+13
3.03232e+13,1.30991e+13
3.03232e+13,1.30991e+13
3.03232e+13,1.30991e+13
3.03232e+13,1.30991e+13
3.03232e+13,1.30991e+13
3.03232e+13,1.30991e+13
3.03233e+13,1.30991e+13
3.03233e+13,1.30991e+13
3.03233e+13,1.30991e+13
3.03233e+13,1.30991e+13
3.03233e+13,1.30991e+13
3.03233e+13,1.30991e+13
3.03233e+13,1.30991e+13
3.03233e+13,1.30991e+13
3.03233e+13,1.30991e+13
3.03233e+13,1.30991e+13
3.03233e+13,1.30991e+13
3.03233e+13,1.30991e+13
3.03233e+13,1.30991e+13
3.03233e+13,1.30991e+13
3.03233e+13,1.30991e+13
3.03233e+13,1.30991e+13
3.03233e+13,1.30991e+13
3.03233e+13,1.30991e+13
3.03233e+13,1.30991e+13
3.03233e+13,1.30991e+13
3.03233e+13,1.30991e+13
3.03233e+13,1.30991e+13
3.03233e+13,1.30991e+13
3.03233e+13,1.30991e+13
3.03233e+13,1.30991e+13
3.03233e+13,1.30991e+13
3.03233e+13,1.30991e+13
3.03233e+13,1.30991e+13
3.03233e+13,1.30991e+13
3.03233e+13,1.30991e+13
3.03233e+13,1.30991e+13
3.03233e+13,1.30991e+13
3.03233e+13,1.30991e+13
3.03233e+13,1.30991e+13
3.03233e+13,1.30991e+13
3.03233e+13,1.30991e+13
3.03233e+13,1.30991e+13
3.03233e+13,1.30991e+13
3.03233e+13,1.30991e+13
3.03233e+13,1.30991e+13
3.03233e+13,1.30991e+13
3.03233e+13,1.30991e+13
3.03233e+13,1.30991e+13
3.03233e+13,1.30991e+13
3.03233e+13,1.30991e+13
3.03233e+13,1.30991e+13
3.03233e+13,1.30991e+13
3.03233e+13,1.30991e+13
3.03233e+13,1.30991e+13
3.03233e+13,1.30991e+13
3.03233e+13,1.30991e+13
3.03233e+13,1.30991e+13
3.03233e+13,1.30991e+13
3.03233e+13,1.30991e+13
3.03233e+13,1.30991e+13
3.03233e+13,1.30991e+13
3.03233e+13,1.30991e+13
3.03233e+13,1.30991e+13
3.03233e+13,1.30991e+13
3.03233e+13,1.30991e+13
3.03233e+13,1.30991e+13
3.03233e+13,1.30991e+13
3.03233e+13,1.30991e+13
3.03233e+13,1.30991e+13
3.03233e+13,1.30991e+13
3.03233e+13,1.30991e+13
3.03233e+13,1.30991e+13
3.03233e+13,1.30991e+13
3.03233e+13,1.30991e+13
3.03233e+13,1.30991e+13
3.03233e+13,1.30991e+13
3.03233e+13,1.30991e+13
3.03233e+13,1.30991e+13
3.03233e+13,1.30991e+13
3.03233e+13,1.30991e+13
3.03233e+13,1.30991e+13
3.03233e+13,1.30991e+13
3.03233e+13,1.30991e+13
3.03233e+13,1.30991e+13
3.03233e+13,1.30991e+13
3.03233e+13,1.30991e+13
3.03233e+13,1.30991e+13
3.03233e+13,1.30991e+13
3.03233e+13,1.30991e+13
3.03233e+13,1.30991e+13
3.03233e+13,1.30991e+13
3.03233e+13,1.30991e+13
3.03233e+13,1.30991e+13
3.03233e+13,1.30991e+13
3.03233e+13,1.30991e+13
3.03233e+13,1.30991e+13
3.03233e+13,1.30991e+13
3.03233e+13,1.30991e+13
3.03233e+13,1.30991e+13
3.03233e+13,1.30991e+13
3.03233e+13,1.30991e+13
3.03233e+13,1.30991e+13
3.03233e+13,1.30991e+13
3.03233e+13,1.30991e+13
3.03233e+13,1.30991e+13
3.03233e+13,1.30991e+13
3.03233e+13,1.30991e+13
3.03233e+13,1.30991e+13
3.03233e+13,1.30991e+13
3.03233e+13,1.30991e+13
3.03233e+13,1.30991e+13
3.03233e+13,1.30991e+13
3.03233e+13,1.30991e+13
3.03233e+13,1.30991e+13
3.03233e+13,1.30991e+13
3.03233e+13,1.30991e+13
3.03233e+13,1.30991e+13
3.03233e+13,1.30991e+13
3.03233e+13,1.30991e+13
3.03233e+13,1.30991e+13
3.03233e+13,1.30991e+13
3.03233e+13,1.30991e+13
3.03233e+13,1.30991e+13
3.03233e+13,1.30991e+13
3.03233e+13,1.30991e+13
3.03233e+13,1.30991e+13
3.03233e+13,1.30991e+13
3.03233e+13,1.30991e+13
3.03233e+13,1.30991e+13
3.03233e+13,1.30991e+13
3.03233e+13,1.30991e+13
3.03233e+13,1.30991e+13
3.03233e+13,1.30991e+13
3.03233e+13,1.30991e+13
3.03233e+13,1.30991e+13
3.03233e+13,1.30991e+13
3.03233e+13,1.30991e+13
3.03233e+13,1.30991e+13
3.03233e+13,1.30991e+13
3.03233e+13,1.30991e+13
3.03233e+13,1.30991e+13
3.03233e+13,1.30991e+13
3.03233e+13,1.30991e+13
3.03233e+13,1.30991e+13
3.03233e+13,1.30991e+13
3.03233e+13,1.30991e+13
3.03233e+13,1.30991e+13
3.03233e+13,1.30991e+13
3.03233e+13,1.30991e+13
3.03233e+13,1.30991e+13
3.03233e+13,1.30991e+13
3.03233e+13,1.30991e+13
3.03233e+13,1.30991e+13
3.03233e+13,1.30991e+13
3.03233e+13,1.30991e+13
3.03233e+13,1.30991e+13
3.03233e+13,1.30991e+13
3.03233e+13,1.30991e+13
3.03233e+13,1.30991e+13
3.03233e+13,1.30991e+13
3.03233e+13,1.30991e+13
3.03233e+13,1.30991e+13
3.03233e+13,1.30991e+13
3.03233e+13,1.30991e+13
3.03233e+13,1.30991e+13
3.03233e+13,1.30991e+13
3.03233e+13,1.30991e+13
3.03233e+13,1.30991e+13
3.03233e+13,1.30991e+13
3.03233e+13,1.30991e+13
3.03233e+13,1.30991e+13
3.03233e+13,1.30991e+13
3.03233e+13,1.30991e+13
3.03233e+13,1.30991e+13
3.03233e+13,1.30991e+13
3.03233e+13,1.30991e+13
3.03233e+13,1.30991e+13
3.03234e+13,1.30991e+13
3.03234e+13,1.30991e+13
3.03234e+13,1.30991e+13
3.03234e+13,1.30991e+13
3.03234e+13,1.30991e+13
3.03234e+13,1.30991e+13
3.03234e+13,1.30991e+13
3.03234e+13,1.30991e+13
3.03234e+13,1.30991e+13
3.03234e+13,1.30991e+13
3.03234e+13,1.30991e+13
3.03234e+13,1.30991e+13
3.03234e+13,1.30991e+13
3.03234e+13,1.30991e+13
3.03234e+13,1.30991e+13
3.03234e+13,1.30991e+13
3.03234e+13,1.30991e+13
3.03234e+13,1.30991e+13
3.03234e+13,1.30991e+13
3.03234e+13,1.30991e+13
3.03234e+13,1.30991e+13
3.03234e+13,1.30991e+13
3.03234e+13,1.30991e+13
3.03234e+13,1.30991e+13
3.03234e+13,1.30991e+13
3.03234e+13,1.30991e+13
3.03234e+13,1.30991e+13
3.03234e+13,1.30991e+13
3.03234e+13,1.30991e+13
3.03234e+13,1.30991e+13
3.03234e+13,1.30991e+13
3.03234e+13,1.30991e+13
3.03234e+13,1.30991e+13
3.03234e+13,1.30991e+13
3.03234e+13,1.30991e+13
3.03234e+13,1.30991e+13
3.03234e+13,1.30991e+13
3.03234e+13,1.30991e+13
3.03234e+13,1.30991e+13
3.03234e+13,1.30991e+13
3.03234e+13,1.30991e+13
3.03234e+13,1.30991e+13
3.03234e+13,1.30991e+13
3.03234e+13,1.30991e+13
3.03234e+13,1.30991e+13
3.03234e+13,1.30991e+13
3.03234e+13,1.30991e+13
3.03234e+13,1.30991e+13
3.03234e+13,1.30991e+13
3.03234e+13,1.30991e+13
3.03234e+13,1.30991e+13
3.03234e+13,1.30991e+13
3.03234e+13,1.30991e+13
3.03234e+13,1.30991e+13
3.03234e+13,1.30991e+13
3.03234e+13,1.30991e+13
3.03234e+13,1.30991e+13
3.03234e+13,1.30991e+13
3.03234e+13,1.30991e+13
3.03234e+13,1.30991e+13
3.03234e+13,1.30991e+13
3.03234e+13,1.30991e+13
3.03234e+13,1.30991e+13
3.03234e+13,1.30991e+13
3.03234e+13,1.30991e+13
3.03234e+13,1.30991e+13
3.03234e+13,1.30991e+13
3.03234e+13,1.30991e+13
3.03234e+13,1.30991e+13
3.03234e+13,1.30991e+13
3.03234e+13,1.30991e+13
3.03234e+13,1.30991e+13
3.03234e+13,1.30991e+13
3.03234e+13,1.30991e+13
3.03234e+13,1.30991e+13
3.03234e+13,1.30991e+13
3.03234e+13,1.30991e+13
3.03234e+13,1.30991e+13
3.03234e+13,1.30991e+13
3.03234e+13,1.30991e+13
3.03234e+13,1.30991e+13
3.03234e+13,1.30991e+13
3.03234e+13,1.30991e+13
3.03234e+13,1.30991e+13
3.03234e+13,1.30991e+13
3.03234e+13,1.30991e+13
3.03234e+13,1.30991e+13
3.03234e+13,1.30991e+13
3.03234e+13,1.30991e+13
3.03234e+13,1.30991e+13
3.03234e+13,1.30991e+13
3.03234e+13,1.30991e+13
3.03234e+13,1.30991e+13
3.03234e+13,1.30991e+13
3.03234e+13,1.30991e+13
3.03234e+13,1.30991e+13
3.03234e+13,1.30991e+13
3.03234e+13,1.30991e+13
3.03234e+13,1.30991e+13
3.03234e+13,1.30991e+13
3.03234e+13,1.30991e+13
3.03234e+13,1.30991e+13
3.03234e+13,1.30991e+13
3.03234e+13,1.30991e+13
3.03234e+13,1.30991e+13
3.03234e+13,1.30991e+13
3.03234e+13,1.30991e+13
3.03234e+13,1.30991e+13
3.03234e+13,1.30991e+13
3.03234e+13,1.30991e+13
3.03234e+13,1.30991e+13
3.03234e+13,1.30991e+13
3.03234e+13,1.30991e+13
3.03234e+13,1.30991e+13
3.03234e+13,1.30991e+13
3.03234e+13,1.30991e+13
3.03234e+13,1.30991e+13
3.03234e+13,1.30991e+13
3.03234e+13,1.30991e+13
3.03234e+13,1.30991e+13
3.03234e+13,1.30991e+13
3.03234e+13,1.30991e+13
3.03234e+13,1.30991e+13
3.03234e+13,1.30991e+13
3.03234e+13,1.30991e+13
3.03234e+13,1.30991e+13
3.03234e+13,1.30991e+13
3.03234e+13,1.30991e+13
3.03234e+13,1.30991e+13
3.03234e+13,1.30991e+13
3.03234e+13,1.30991e+13
3.03234e+13,1.30991e+13
3.03234e+13,1.30991e+13
3.03234e+13,1.30991e+13
3.03234e+13,1.30991e+13
3.03234e+13,1.30991e+13
3.03234e+13,1.30991e+13
3.03234e+13,1.30991e+13
3.03234e+13,1.30991e+13
3.03234e+13,1.30991e+13
3.03234e+13,1.30991e+13
3.03234e+13,1.30991e+13
3.03234e+13,1.30991e+13
3.03234e+13,1.30991e+13
3.03234e+13,1.30991e+13
3.03234e+13,1.30991e+13
3.03234e+13,1.30991e+13
3.03234e+13,1.30991e+13
3.03234e+13,1.30991e+13
3.03234e+13,1.30991e+13
3.03234e+13,1.30991e+13
3.03234e+13,1.30991e+13
3.03234e+13,1.30991e+13
3.03234e+13,1.30991e+13
3.03234e+13,1.30991e+13
3.03234e+13,1.30991e+13
3.03234e+13,1.30991e+13
3.03234e+13,1.30991e+13
3.03234e+13,1.30991e+13
3.03234e+13,1.30991e+13
3.03234e+13,1.30991e+13
3.03234e+13,1.30991e+13
3.03234e+13,1.30991e+13
3.03234e+13,1.30991e+13
3.03234e+13,1.30991e+13
3.03234e+13,1.30991e+13
3.03234e+13,1.30991e+13
3.03234e+13,1.30991e+13
3.03234e+13,1.30991e+13
3.03234e+13,1.30991e+13
3.03234e+13,1.30991e+13
3.03234e+13,1.30991e+13
3.03234e+13,1.30991e+13
3.03234e+13,1.30991e+13
3.03234e+13,1.30991e+13
3.03234e+13,1.30991e+13
3.03234e+13,1.30991e+13
3.03234e+13,1.30991e+13
3.03234e+13,1.30991e+13
3.03234e+13,1.30991e+13
3.03234e+13,1.30991e+13
3.03234e+13,1.30991e+13
3.03234e+13,1.30991e+13
3.03234e+13,1.30991e+13
3.03234e+13,1.30991e+13
3.03234e+13,1.30991e+13
3.03234e+13,1.30991e+13
3.03234e+13,1.30991e+13
3.03234e+13,1.30991e+13
3.03234e+13,1.30991e+13
3.03234e+13,1.30991e+13
3.03234e+13,1.30991e+13
3.03234e+13,1.30991e+13
3.03234e+13,1.30991e+13
3.03234e+13,1.30991e+13
3.03234e+13,1.30991e+13
3.03234e+13,1.30991e+13
3.03234e+13,1.30991e+13
3.03234e+13,1.30991e+13
3.03234e+13,1.30991e+13
3.03234e+13,1.30991e+13
3.03234e+13,1.30991e+13
3.03234e+13,1.30991e+13
3.03234e+13,1.30991e+13
3.03234e+13,1.30991e+13
3.03234e+13,1.30991e+13
3.03234e+13,1.30991e+13
3.03234e+13,1.30991e+13
3.03234e+13,1.30991e+13
3.03234e+13,1.30991e+13
3.03234e+13,1.30991e+13
3.03234e+13,1.30991e+13
3.03234e+13,1.30991e+13
3.03234e+13,1.30991e+13
3.03234e+13,1.30991e+13
3.03234e+13,1.30991e+13
3.03234e+13,1.30991e+13
3.03234e+13,1.30991e+13
3.03234e+13,1.30991e+13
3.03234e+13,1.30991e+13
3.03234e+13,1.30991e+13
3.03234e+13,1.30991e+13
3.03234e+13,1.30991e+13
3.03234e+13,1.30991e+13
3.03234e+13,1.30991e+13
3.03234e+13,1.30991e+13
3.03234e+13,1.30991e+13
3.03234e+13,1.30991e+13
3.03234e+13,1.30991e+13
3.03234e+13,1.30991e+13
3.03234e+13,1.30991e+13
3.03234e+13,1.30991e+13
3.03234e+13,1.30991e+13
3.03234e+13,1.30991e+13
3.03234e+13,1.30991e+13
3.03234e+13,1.30991e+13
3.03234e+13,1.30991e+13
3.03234e+13,1.30991e+13
3.03234e+13,1.30991e+13
3.03234e+13,1.30991e+13
3.03234e+13,1.30991e+13
